week_end,pruid,prename,prfname,numtotal_atleast1dose,numtotal_partially,numtotal_fully,proptotal_atleast1dose,proptotal_partially,proptotal_fully,numeligible_atleast1dose,numeligible_partially,numeligible_fully,propeligible_atleast1dose,propeligible_partially,propeligible_fully,num5plus_atleast1dose,num5plus_partially,num5plus_fully,prop5plus_atleast1dose,prop5plus_partially,prop5plus_fully,numweekdelta_atleast1dose,numweekdelta_fully,propweekdelta_atleast1dose,propweekdelta_fully
2020-12-19,1,Canada,Canada,12362,12362,0,0.07,0.07,0.00,,,,,,,,,,,,,,,,
2020-12-19,10,Newfoundland and Labrador,Terre-Neuve-et-Labrador,972,972,0,0.19,0.19,0.00,,,,,,,,,,,,,,,,
2020-12-19,12,Nova Scotia,Nouvelle-Écosse,1092,1092,0,0.11,0.11,0.00,,,,,,,,,,,,,,,,
2020-12-19,24,Quebec,Québec,4728,4728,0,0.06,0.06,0.00,,,,,,,,,,,,,,,,
2020-12-19,46,Manitoba,Manitoba,894,894,0,0.06,0.06,0.00,,,,,,,,,,,,,,,,
2020-12-19,47,Saskatchewan,Saskatchewan,1042,1042,0,0.09,0.09,0.00,,,,,,,,,,,,,,,,
2020-12-19,59,British Columbia,Colombie-Britannique,3634,3634,0,0.07,0.07,0.00,,,,,,,,,,,,,,,,
2020-12-19,60,Yukon,Yukon,0,0,0,0.00,0.00,0.00,,,,,,,,,,,,,,,,
2020-12-19,61,Northwest Territories,Territoires du Nord-Ouest,0,0,0,0.00,0.00,0.00,,,,,,,,,,,,,,,,
2020-12-19,62,Nunavut,Nunavut,0,0,0,0.00,0.00,0.00,,,,,,,,,,,,,,,,
2020-12-26,1,Canada,Canada,46156,46156,0,0.20,0.20,0.00,,,,,,,,,,,,,,,,
2020-12-26,10,Newfoundland and Labrador,Terre-Neuve-et-Labrador,1785,1785,0,0.34,0.34,0.00,,,,,,,,,,,,,,,,
2020-12-26,11,Prince Edward Island,Île-du-Prince-Édouard,1146,1146,0,0.72,0.72,0.00,,,,,,,,,,,,,,,,
2020-12-26,12,Nova Scotia,Nouvelle-Écosse,2218,2218,0,0.23,0.23,0.00,,,,,,,,,,,,,,,,
2020-12-26,13,New Brunswick,Nouveau-Brunswick,2606,2606,0,0.33,0.33,0.00,,,,,,,,,,,,,,,,
2020-12-26,24,Quebec,Québec,17216,17216,0,0.20,0.20,0.00,,,,,,,,,,,,,,,,
2020-12-26,46,Manitoba,Manitoba,2177,2177,0,0.16,0.16,0.00,,,,,,,,,,,,,,,,
2020-12-26,47,Saskatchewan,Saskatchewan,1769,1769,0,0.15,0.15,0.00,,,,,,,,,,,,,,,,
2020-12-26,48,Alberta,Alberta,4792,4792,0,0.11,0.11,0.00,,,,,,,,,,,,,,,,
2020-12-26,59,British Columbia,Colombie-Britannique,12447,12447,0,0.24,0.24,0.00,,,,,,,,,,,,,,,,
2020-12-26,60,Yukon,Yukon,0,0,0,0.00,0.00,0.00,,,,,,,,,,,,,,,,
2020-12-26,61,Northwest Territories,Territoires du Nord-Ouest,0,0,0,0.00,0.00,0.00,,,,,,,,,,,,,,,,
2020-12-26,62,Nunavut,Nunavut,0,0,0,0.00,0.00,0.00,,,,,,,,,,,,,,,,
2021-01-02,1,Canada,Canada,82512,82512,0,0.35,0.35,0.00,,,,,,,,,,,,,,,,
2021-01-02,10,Newfoundland and Labrador,Terre-Neuve-et-Labrador,1785,1785,0,0.34,0.34,0.00,,,,,,,,,,,,,,,,
2021-01-02,11,Prince Edward Island,Île-du-Prince-Édouard,1669,1669,0,1.05,1.05,0.00,,,,,,,,,,,,,,,,
2021-01-02,12,Nova Scotia,Nouvelle-Écosse,2720,2720,0,0.28,0.28,0.00,,,,,,,,,,,,,,,,
2021-01-02,13,New Brunswick,Nouveau-Brunswick,2886,2886,0,0.37,0.37,0.00,,,,,,,,,,,,,,,,
2021-01-02,24,Quebec,Québec,28305,28305,,0.33,0.33,,,,,,,,,,,,,,,,,
2021-01-02,46,Manitoba,Manitoba,3432,3432,0,0.25,0.25,0.00,,,,,,,,,,,,,,,,
2021-01-02,47,Saskatchewan,Saskatchewan,3540,3540,0,0.30,0.30,0.00,,,,,,,,,,,,,,,,
2021-01-02,48,Alberta,Alberta,13383,13383,0,0.30,0.30,0.00,,,,,,,,,,,,,,,,
2021-01-02,59,British Columbia,Colombie-Britannique,24670,24670,0,0.48,0.48,0.00,,,,,,,,,,,,,,,,
2021-01-02,60,Yukon,Yukon,0,0,0,0.00,0.00,0.00,,,,,,,,,,,,,,,,
2021-01-02,61,Northwest Territories,Territoires du Nord-Ouest,122,122,0,0.27,0.27,0.00,,,,,,,,,,,,,,,,
2021-01-02,62,Nunavut,Nunavut,0,0,0,0.00,0.00,0.00,,,,,,,,,,,,,,,,
2021-01-09,1,Canada,Canada,217345,212824,4521,0.93,0.91,0.02,,,,,,,,,,,,,,,,
2021-01-09,10,Newfoundland and Labrador,Terre-Neuve-et-Labrador,2847,1994,853,0.55,0.38,0.16,,,,,,,,,,,,,,,,
2021-01-09,11,Prince Edward Island,Île-du-Prince-Édouard,2475,2475,0,1.51,1.51,0.00,,,,,,,,,,,,,,,,
2021-01-09,12,Nova Scotia,Nouvelle-Écosse,2755,1679,1076,0.28,0.17,0.11,,,,,,,,,,,,,,,,
2021-01-09,13,New Brunswick,Nouveau-Brunswick,6241,6241,0,0.79,0.79,0.00,,,,,,,,,,,,,,,,
2021-01-09,24,Quebec,Québec,83278,83278,,0.97,0.97,,,,,,,,,,,,,,,,,
2021-01-09,46,Manitoba,Manitoba,8694,7814,880,0.63,0.56,0.06,,,,,,,,,,,,,,,,
2021-01-09,47,Saskatchewan,Saskatchewan,5516,4563,953,0.47,0.39,0.08,,,,,,,,,,,,,,,,
2021-01-09,48,Alberta,Alberta,44298,43574,724,1.00,0.98,0.02,,,,,,,,,,,,,,,,
2021-01-09,59,British Columbia,Colombie-Britannique,60215,60180,35,1.15,1.15,0.00,,,,,,,,,,,,,,,,
2021-01-09,60,Yukon,Yukon,495,495,0,1.15,1.15,0.00,,,,,,,,,,,,,,,,
2021-01-09,61,Northwest Territories,Territoires du Nord-Ouest,511,511,0,1.18,1.18,0.00,,,,,,,,,,,,,,,,
2021-01-09,62,Nunavut,Nunavut,20,20,0,0.05,0.05,0.00,,,,,,,,,,,,,,,,
2021-01-16,1,Canada,Canada,564921,538173,26748,1.48,1.41,0.07,,,,,,,,,,,,,,,,
2021-01-16,10,Newfoundland and Labrador,Terre-Neuve-et-Labrador,4250,2516,1734,0.82,0.48,0.33,,,,,,,,,,,,,,,,
2021-01-16,11,Prince Edward Island,Île-du-Prince-Édouard,4293,2906,1387,2.61,1.77,0.84,,,,,,,,,,,,,,,,
2021-01-16,12,Nova Scotia,Nouvelle-Écosse,5740,3533,2207,0.58,0.36,0.22,,,,,,,,,,,,,,,,
2021-01-16,13,New Brunswick,Nouveau-Brunswick,7918,5353,2565,1.00,0.68,0.33,,,,,,,,,,,,,,,,
2021-01-16,24,Quebec,Québec,145783,145783,,1.69,1.69,,,,,,,,,,,,,,,,,
2021-01-16,35,Ontario,Ontario,189240,178383,10857,1.28,1.20,0.07,,,,,,,,,,,,,,,,
2021-01-16,46,Manitoba,Manitoba,16499,14355,2144,1.19,1.04,0.15,,,,,,,,,,,,,,,,
2021-01-16,47,Saskatchewan,Saskatchewan,14283,12551,1732,1.21,1.06,0.15,,,,,,,,,,,,,,,,
2021-01-16,48,Alberta,Alberta,81859,77784,4075,1.84,1.75,0.09,,,,,,,,,,,,,,,,
2021-01-16,59,British Columbia,Colombie-Britannique,89715,89668,47,1.72,1.72,0.00,,,,,,,,,,,,,,,,
2021-01-16,60,Yukon,Yukon,1309,1309,0,3.05,3.05,0.00,,,,,,,,,,,,,,,,
2021-01-16,61,Northwest Territories,Territoires du Nord-Ouest,1891,1891,0,4.35,4.35,0.00,,,,,,,,,,,,,,,,
2021-01-16,62,Nunavut,Nunavut,2141,2141,0,5.43,5.43,0.00,,,,,,,,,,,,,,,,
2021-01-23,1,Canada,Canada,775500,716206,59294,2.03,1.87,0.16,,,,,,,,,,,,,,,,
2021-01-23,10,Newfoundland and Labrador,Terre-Neuve-et-Labrador,7448,5711,1737,1.43,1.10,0.33,,,,,,,,,,,,,,,,
2021-01-23,11,Prince Edward Island,Île-du-Prince-Édouard,5211,3327,1884,3.17,2.02,1.15,,,,,,,,,,,,,,,,
2021-01-23,12,Nova Scotia,Nouvelle-Écosse,8288,5580,2708,0.84,0.56,0.27,,,,,,,,,,,,,,,,
2021-01-23,13,New Brunswick,Nouveau-Brunswick,11516,8675,2841,1.46,1.10,0.36,,,,,,,,,,,,,,,,
2021-01-23,24,Quebec,Québec,218827,218827,,2.54,2.54,,,,,,,,,,,,,,,,,
2021-01-23,35,Ontario,Ontario,249132,217691,31441,1.68,1.47,0.21,,,,,,,,,,,,,,,,
2021-01-23,46,Manitoba,Manitoba,25839,22443,3396,1.87,1.62,0.25,,,,,,,,,,,,,,,,
2021-01-23,47,Saskatchewan,Saskatchewan,23663,21205,2458,2.01,1.80,0.21,,,,,,,,,,,,,,,,
2021-01-23,48,Alberta,Alberta,89557,80088,9469,2.02,1.80,0.21,,,,,,,,,,,,,,,,
2021-01-23,59,British Columbia,Colombie-Britannique,118150,114790,3360,2.27,2.20,0.06,,,,,,,,,,,,,,,,
2021-01-23,60,Yukon,Yukon,3950,3950,0,9.20,9.20,0.00,,,,,,,,,,,,,,,,
2021-01-23,61,Northwest Territories,Territoires du Nord-Ouest,9471,9471,0,21.79,21.79,0.00,,,,,,,,,,,,,,,,
2021-01-23,62,Nunavut,Nunavut,4448,4448,0,11.29,11.29,0.00,,,,,,,,,,,,,,,,
2021-01-30,1,Canada,Canada,859240,745591,113649,2.25,1.95,0.30,,,,,,,,,,,,,,,,
2021-01-30,10,Newfoundland and Labrador,Terre-Neuve-et-Labrador,8353,5591,2762,1.60,1.07,0.53,,,,,,,,,,,,,,,,
2021-01-30,11,Prince Edward Island,Île-du-Prince-Édouard,5279,2714,2565,3.21,1.65,1.56,,,,,,,,,,,,,,,,
2021-01-30,12,Nova Scotia,Nouvelle-Écosse,12090,9361,2729,1.22,0.94,0.28,,,,,,,,,,,,,,,,
2021-01-30,13,New Brunswick,Nouveau-Brunswick,12791,8326,4465,1.62,1.05,0.57,,,,,,,,,,,,,,,,
2021-01-30,24,Quebec,Québec,239485,239485,,2.78,2.78,,,,,,,,,,,,,,,,,
2021-01-30,35,Ontario,Ontario,270795,201946,68849,1.83,1.36,0.46,,,,,,,,,,,,,,,,
2021-01-30,46,Manitoba,Manitoba,32441,23938,8503,2.34,1.73,0.61,,,,,,,,,,,,,,,,
2021-01-30,47,Saskatchewan,Saskatchewan,27215,24143,3072,2.31,2.05,0.26,,,,,,,,,,,,,,,,
2021-01-30,48,Alberta,Alberta,90238,74244,15994,2.03,1.67,0.36,,,,,,,,,,,,,,,,
2021-01-30,59,British Columbia,Colombie-Britannique,135501,130909,4592,2.60,2.51,0.09,,,,,,,,,,,,,,,,
2021-01-30,60,Yukon,Yukon,7355,7355,0,17.13,17.13,0.00,,,,,,,,,,,,,,,,
2021-01-30,61,Northwest Territories,Territoires du Nord-Ouest,12233,12115,118,28.14,27.87,0.27,,,,,,,,,,,,,,,,
2021-01-30,62,Nunavut,Nunavut,5464,5464,0,13.87,13.87,0.00,,,,,,,,,,,,,,,,
2021-02-06,1,Canada,Canada,901402,727623,173779,2.36,1.90,0.45,,,,,,,,,,,,,,,,
2021-02-06,10,Newfoundland and Labrador,Terre-Neuve-et-Labrador,8890,4822,4068,1.71,0.93,0.78,,,,,,,,,,,,,,,,
2021-02-06,11,Prince Edward Island,Île-du-Prince-Édouard,5302,1789,3513,3.23,1.09,2.14,,,,,,,,,,,,,,,,
2021-02-06,12,Nova Scotia,Nouvelle-Écosse,12849,7716,5133,1.30,0.78,0.52,,,,,,,,,,,,,,,,
2021-02-06,13,New Brunswick,Nouveau-Brunswick,13250,7837,5413,1.68,0.99,0.69,,,,,,,,,,,,,,,,
2021-02-06,24,Quebec,Québec,257501,257501,,2.99,2.99,,,,,,,,,,,,,,,,,
2021-02-06,35,Ontario,Ontario,277440,175696,101744,1.87,1.19,0.69,,,,,,,,,,,,,,,,
2021-02-06,46,Manitoba,Manitoba,33641,19998,13643,2.43,1.45,0.99,,,,,,,,,,,,,,,,
2021-02-06,47,Saskatchewan,Saskatchewan,29747,24353,5394,2.52,2.06,0.46,,,,,,,,,,,,,,,,
2021-02-06,48,Alberta,Alberta,90668,68989,21679,2.04,1.55,0.49,,,,,,,,,,,,,,,,
2021-02-06,59,British Columbia,Colombie-Britannique,142999,130871,12128,2.74,2.51,0.23,,,,,,,,,,,,,,,,
2021-02-06,60,Yukon,Yukon,10447,9968,479,24.33,23.21,1.12,,,,,,,,,,,,,,,,
2021-02-06,61,Northwest Territories,Territoires du Nord-Ouest,12830,12531,299,29.51,28.82,0.69,,,,,,,,,,,,,,,,
2021-02-06,62,Nunavut,Nunavut,5838,5552,286,14.82,14.09,0.73,,,,,,,,,,,,,,,,
2021-02-13,1,Canada,Canada,973060,665691,307369,2.54,1.74,0.80,,,,,,,,,,,,,,,,
2021-02-13,10,Newfoundland and Labrador,Terre-Neuve-et-Labrador,9792,4343,5449,1.88,0.83,1.05,,,,,,,,,,,,,,,,
2021-02-13,11,Prince Edward Island,Île-du-Prince-Édouard,5690,797,4893,3.46,0.49,2.98,,,,,,,,,,,,,,,,
2021-02-13,12,Nova Scotia,Nouvelle-Écosse,14727,6688,8039,1.48,0.67,0.81,,,,,,,,,,,,,,,,
2021-02-13,13,New Brunswick,Nouveau-Brunswick,13646,6148,7498,1.73,0.78,0.95,,,,,,,,,,,,,,,,
2021-02-13,24,Quebec,Québec,293734,293734,,3.41,3.41,,,,,,,,,,,,,,,,,
2021-02-13,35,Ontario,Ontario,292983,118340,174643,1.98,0.80,1.18,,,,,,,,,,,,,,,,
2021-02-13,46,Manitoba,Manitoba,34848,14442,20406,2.52,1.04,1.47,,,,,,,,,,,,,,,,
2021-02-13,47,Saskatchewan,Saskatchewan,32867,23322,9545,2.79,1.98,0.81,,,,,,,,,,,,,,,,
2021-02-13,48,Alberta,Alberta,94996,44314,50682,2.14,1.00,1.14,,,,,,,,,,,,,,,,
2021-02-13,59,British Columbia,Colombie-Britannique,149182,126548,22634,2.86,2.43,0.43,,,,,,,,,,,,,,,,
2021-02-13,60,Yukon,Yukon,10524,9657,867,24.51,22.49,2.02,,,,,,,,,,,,,,,,
2021-02-13,61,Northwest Territories,Territoires du Nord-Ouest,13575,12996,579,31.23,29.89,1.33,,,,,,,,,,,,,,,,
2021-02-13,62,Nunavut,Nunavut,6496,4362,2134,16.49,11.07,5.42,,,,,,,,,,,,,,,,
2021-02-20,1,Canada,Canada,1086501,651234,435267,2.84,1.70,1.14,,,,,,,,,,,,,,,,
2021-02-20,10,Newfoundland and Labrador,Terre-Neuve-et-Labrador,10436,4324,6112,2.00,0.83,1.17,,,,,,,,,,,,,,,,
2021-02-20,11,Prince Edward Island,Île-du-Prince-Édouard,6450,1294,5156,3.93,0.79,3.14,,,,,,,,,,,,,,,,
2021-02-20,12,Nova Scotia,Nouvelle-Écosse,14915,6690,8225,1.50,0.67,0.83,,,,,,,,,,,,,,,,
2021-02-20,13,New Brunswick,Nouveau-Brunswick,15261,4234,11027,1.93,0.54,1.40,,,,,,,,,,,,,,,,
2021-02-20,24,Quebec,Québec,345979,345979,,4.02,4.02,,,,,,,,,,,,,,,,,
2021-02-20,35,Ontario,Ontario,319915,84862,235053,2.16,0.57,1.59,,,,,,,,,,,,,,,,
2021-02-20,46,Manitoba,Manitoba,36279,11082,25197,2.62,0.80,1.82,,,,,,,,,,,,,,,,
2021-02-20,47,Saskatchewan,Saskatchewan,37764,21804,15960,3.20,1.85,1.35,,,,,,,,,,,,,,,,
2021-02-20,48,Alberta,Alberta,103236,37048,66188,2.32,0.83,1.49,,,,,,,,,,,,,,,,
2021-02-20,59,British Columbia,Colombie-Britannique,164163,108945,55218,3.15,2.09,1.06,,,,,,,,,,,,,,,,
2021-02-20,60,Yukon,Yukon,10613,9523,1090,24.71,22.17,2.54,,,,,,,,,,,,,,,,
2021-02-20,61,Northwest Territories,Territoires du Nord-Ouest,14517,12583,1934,33.39,28.94,4.45,,,,,,,,,,,,,,,,
2021-02-20,62,Nunavut,Nunavut,6973,2866,4107,17.70,7.27,10.42,,,,,,,,,,,,,,,,
2021-02-27,1,Canada,Canada,1381403,843004,538399,3.61,2.20,1.41,,,,,,,,,,,,,,,,
2021-02-27,10,Newfoundland and Labrador,Terre-Neuve-et-Labrador,16623,8411,8212,3.19,1.62,1.58,,,,,,,,,,,,,,,,
2021-02-27,11,Prince Edward Island,Île-du-Prince-Édouard,7363,2151,5212,4.48,1.31,3.17,,,,,,,,,,,,,,,,
2021-02-27,12,Nova Scotia,Nouvelle-Écosse,19734,7116,12618,1.99,0.72,1.27,,,,,,,,,,,,,,,,
2021-02-27,13,New Brunswick,Nouveau-Brunswick,21676,9544,12132,2.75,1.21,1.54,,,,,,,,,,,,,,,,
2021-02-27,24,Quebec,Québec,431743,431743,,5.02,5.02,,,,,,,,,,,,,,,,,
2021-02-27,35,Ontario,Ontario,425162,163239,261923,2.87,1.10,1.77,,,,,,,,,,,,,,,,
2021-02-27,46,Manitoba,Manitoba,46651,17675,28976,3.37,1.28,2.09,,,,,,,,,,,,,,,,
2021-02-27,47,Saskatchewan,Saskatchewan,46285,22829,23456,3.92,1.93,1.99,,,,,,,,,,,,,,,,
2021-02-27,48,Alberta,Alberta,139961,52554,87407,3.15,1.18,1.97,,,,,,,,,,,,,,,,
2021-02-27,59,British Columbia,Colombie-Britannique,192637,108615,84022,3.69,2.08,1.61,,,,,,,,,,,,,,,,
2021-02-27,60,Yukon,Yukon,10958,6156,4802,25.52,14.33,11.18,,,,,,,,,,,,,,,,
2021-02-27,61,Northwest Territories,Territoires du Nord-Ouest,15214,10656,4558,35.00,24.51,10.48,,,,,,,,,,,,,,,,
2021-02-27,62,Nunavut,Nunavut,7396,2315,5081,18.77,5.88,12.89,,,,,,,,,,,,,,,,
2021-03-06,1,Canada,Canada,1854791,1281130,573661,4.85,3.35,1.50,,,,,,,,,,,,,,,,
2021-03-06,10,Newfoundland and Labrador,Terre-Neuve-et-Labrador,21087,11951,9136,4.05,2.30,1.76,,,,,,,,,,,,,,,,
2021-03-06,11,Prince Edward Island,Île-du-Prince-Édouard,8666,3159,5507,5.27,1.92,3.35,,,,,,,,,,,,,,,,
2021-03-06,12,Nova Scotia,Nouvelle-Écosse,25011,10578,14433,2.52,1.07,1.45,,,,,,,,,,,,,,,,
2021-03-06,13,New Brunswick,Nouveau-Brunswick,26308,14166,12142,3.33,1.79,1.54,,,,,,,,,,,,,,,,
2021-03-06,24,Quebec,Québec,548031,548031,,6.37,6.37,,,,,,,,,,,,,,,,,
2021-03-06,35,Ontario,Ontario,619315,347483,271832,4.18,2.34,1.83,,,,,,,,,,,,,,,,
2021-03-06,46,Manitoba,Manitoba,59400,29038,30362,4.29,2.10,2.19,,,,,,,,,,,,,,,,
2021-03-06,47,Saskatchewan,Saskatchewan,56493,29121,27372,4.79,2.47,2.32,,,,,,,,,,,,,,,,
2021-03-06,48,Alberta,Alberta,202240,111622,90618,4.55,2.51,2.04,,,,,,,,,,,,,,,,
2021-03-06,59,British Columbia,Colombie-Britannique,247428,160369,87059,4.74,3.08,1.67,,,,,,,,,,,,,,,,
2021-03-06,60,Yukon,Yukon,14565,5972,8593,33.92,13.91,20.01,,,,,,,,,,,,,,,,
2021-03-06,61,Northwest Territories,Territoires du Nord-Ouest,17053,5904,11149,39.23,13.58,25.65,,,,,,,,,,,,,,,,
2021-03-06,62,Nunavut,Nunavut,9194,3736,5458,23.33,9.48,13.85,,,,,,,,,,,,,,,,
2021-03-13,1,Canada,Canada,2500024,1902260,597764,6.54,4.97,1.56,,,,,,,,,,,,,,,,
2021-03-13,10,Newfoundland and Labrador,Terre-Neuve-et-Labrador,27418,18176,9242,5.27,3.49,1.78,,,,,,,,,,,,,,,,
2021-03-13,11,Prince Edward Island,Île-du-Prince-Édouard,10386,4790,5596,6.32,2.92,3.41,,,,,,,,,,,,,,,,
2021-03-13,12,Nova Scotia,Nouvelle-Écosse,31964,15851,16113,3.22,1.60,1.62,,,,,,,,,,,,,,,,
2021-03-13,13,New Brunswick,Nouveau-Brunswick,39168,27013,12155,4.96,3.42,1.54,,,,,,,,,,,,,,,,
2021-03-13,24,Quebec,Québec,714029,714029,,8.30,8.30,,,,,,,,,,,,,,,,,
2021-03-13,35,Ontario,Ontario,874937,589270,285667,5.90,3.97,1.93,,,,,,,,,,,,,,,,
2021-03-13,46,Manitoba,Manitoba,72282,39151,33131,5.22,2.83,2.39,,,,,,,,,,,,,,,,
2021-03-13,47,Saskatchewan,Saskatchewan,69628,41272,28356,5.90,3.50,2.40,,,,,,,,,,,,,,,,
2021-03-13,48,Alberta,Alberta,288021,196484,91537,6.48,4.42,2.06,,,,,,,,,,,,,,,,
2021-03-13,59,British Columbia,Colombie-Britannique,323058,235878,87180,6.20,4.52,1.67,,,,,,,,,,,,,,,,
2021-03-13,60,Yukon,Yukon,19177,8815,10362,44.65,20.53,24.13,,,,,,,,,,,,,,,,
2021-03-13,61,Northwest Territories,Territoires du Nord-Ouest,19680,7293,12387,45.27,16.78,28.49,,,,,,,,,,,,,,,,
2021-03-13,62,Nunavut,Nunavut,10276,4238,6038,26.08,10.76,15.32,,,,,,,,,,,,,,,,
2021-03-20,1,Canada,Canada,3402773,2772389,630384,8.90,7.25,1.65,,,,,,,,,,,,,,,,
2021-03-20,10,Newfoundland and Labrador,Terre-Neuve-et-Labrador,38915,29354,9561,7.48,5.64,1.84,,,,,,,,,,,,,,,,
2021-03-20,11,Prince Edward Island,Île-du-Prince-Édouard,12995,7380,5615,7.91,4.49,3.42,,,,,,,,,,,,,,,,
2021-03-20,12,Nova Scotia,Nouvelle-Écosse,40820,20720,20100,4.11,2.09,2.03,,,,,,,,,,,,,,,,
2021-03-20,13,New Brunswick,Nouveau-Brunswick,49610,37446,12164,6.29,4.74,1.54,,,,,,,,,,,,,,,,
2021-03-20,24,Quebec,Québec,945382,945382,,10.99,10.99,,,,,,,,,,,,,,,,,
2021-03-20,35,Ontario,Ontario,1225457,927042,298415,8.27,6.25,2.01,,,,,,,,,,,,,,,,
2021-03-20,46,Manitoba,Manitoba,90578,47170,43408,6.55,3.41,3.14,,,,,,,,,,,,,,,,
2021-03-20,47,Saskatchewan,Saskatchewan,101100,70505,30595,8.57,5.98,2.59,,,,,,,,,,,,,,,,
2021-03-20,48,Alberta,Alberta,388455,295430,93025,8.74,6.65,2.09,,,,,,,,,,,,,,,,
2021-03-20,59,British Columbia,Colombie-Britannique,453352,366072,87280,8.69,7.02,1.67,,,,,,,,,,,,,,,,
2021-03-20,60,Yukon,Yukon,22144,11669,10475,51.56,27.17,24.39,,,,,,,,,,,,,,,,
2021-03-20,61,Northwest Territories,Territoires du Nord-Ouest,22107,8826,13281,50.85,20.30,30.55,,,,,,,,,,,,,,,,
2021-03-20,62,Nunavut,Nunavut,11858,5393,6465,30.09,13.69,16.41,,,,,,,,,,,,,,,,
2021-03-27,1,Canada,Canada,4533036,3864994,668042,11.85,10.11,1.75,,,,,,,,,,,,,,,,
2021-03-27,10,Newfoundland and Labrador,Terre-Neuve-et-Labrador,51244,41597,9647,9.84,7.99,1.85,,,,,,,,,,,,,,,,
2021-03-27,11,Prince Edward Island,Île-du-Prince-Édouard,15289,8890,6399,9.30,5.41,3.89,,,,,,,,,,,,,,,,
2021-03-27,12,Nova Scotia,Nouvelle-Écosse,64681,40387,24294,6.52,4.07,2.45,,,,,,,,,,,,,,,,
2021-03-27,13,New Brunswick,Nouveau-Brunswick,80178,67983,12195,10.16,8.61,1.55,,,,,,,,,,,,,,,,
2021-03-27,24,Quebec,Québec,1218798,1218798,,14.16,14.16,,,,,,,,,,,,,,,,,
2021-03-27,35,Ontario,Ontario,1672351,1363194,309157,11.28,9.19,2.09,,,,,,,,,,,,,,,,
2021-03-27,46,Manitoba,Manitoba,117810,62870,54940,8.51,4.54,3.97,,,,,,,,,,,,,,,,
2021-03-27,47,Saskatchewan,Saskatchewan,134559,98267,36292,11.40,8.33,3.08,,,,,,,,,,,,,,,,
2021-03-27,48,Alberta,Alberta,504407,408276,96131,11.35,9.19,2.16,,,,,,,,,,,,,,,,
2021-03-27,59,British Columbia,Colombie-Britannique,613835,526396,87439,11.77,10.09,1.68,,,,,,,,,,,,,,,,
2021-03-27,60,Yukon,Yukon,23028,12268,10760,53.62,28.57,25.06,,,,,,,,,,,,,,,,
2021-03-27,61,Northwest Territories,Territoires du Nord-Ouest,23715,9784,13931,54.55,22.51,32.05,,,,,,,,,,,,,,,,
2021-03-27,62,Nunavut,Nunavut,13141,6284,6857,33.35,15.95,17.40,,,,,,,,,,,,,,,,
2021-04-03,1,Canada,Canada,5788394,5072294,716100,15.14,13.26,1.87,,,,,,,,,,,,,,,,
2021-04-03,10,Newfoundland and Labrador,Terre-Neuve-et-Labrador,78734,69071,9663,15.13,13.27,1.86,,,,,,,,,,,,,,,,
2021-04-03,11,Prince Edward Island,Île-du-Prince-Édouard,19810,12203,7607,12.06,7.43,4.63,,,,,,,,,,,,,,,,
2021-04-03,12,Nova Scotia,Nouvelle-Écosse,83796,54265,29531,8.45,5.47,2.98,,,,,,,,,,,,,,,,
2021-04-03,13,New Brunswick,Nouveau-Brunswick,110912,98634,12278,14.05,12.50,1.56,,,,,,,,,,,,,,,,
2021-04-03,24,Quebec,Québec,1524363,1524363,,17.72,17.72,,,,,,,,,,,,,,,,,
2021-04-03,35,Ontario,Ontario,2171573,1849755,321818,14.65,12.48,2.17,,,,,,,,,,,,,,,,
2021-04-03,46,Manitoba,Manitoba,147826,86315,61511,10.68,6.24,4.45,,,,,,,,,,,,,,,,
2021-04-03,47,Saskatchewan,Saskatchewan,182416,143258,39158,15.46,12.14,3.32,,,,,,,,,,,,,,,,
2021-04-03,48,Alberta,Alberta,600594,488608,111986,13.52,11.00,2.52,,,,,,,,,,,,,,,,
2021-04-03,59,British Columbia,Colombie-Britannique,807444,719837,87607,15.48,13.80,1.68,,,,,,,,,,,,,,,,
2021-04-03,60,Yukon,Yukon,23414,11278,12136,54.52,26.26,28.26,,,,,,,,,,,,,,,,
2021-04-03,61,Northwest Territories,Territoires du Nord-Ouest,24097,9628,14469,55.43,22.15,33.28,,,,,,,,,,,,,,,,
2021-04-03,62,Nunavut,Nunavut,13415,5079,8336,34.05,12.89,21.16,,,,,,,,,,,,,,,,
2021-04-10,1,Canada,Canada,7339540,6520540,819000,19.19,17.05,2.14,,,,,,,,,,,,,,,,
2021-04-10,10,Newfoundland and Labrador,Terre-Neuve-et-Labrador,100594,90920,9674,19.32,17.47,1.86,,,,,,,,,,,,,,,,
2021-04-10,11,Prince Edward Island,Île-du-Prince-Édouard,26305,17549,8756,16.01,10.68,5.33,,,,,,,,,,,,,,,,
2021-04-10,12,Nova Scotia,Nouvelle-Écosse,116818,85699,31119,11.78,8.64,3.14,,,,,,,,,,,,,,,,
2021-04-10,13,New Brunswick,Nouveau-Brunswick,135799,120022,15777,17.21,15.21,2.00,,,,,,,,,,,,,,,,
2021-04-10,24,Quebec,Québec,1873379,1857562,15817,21.77,21.59,0.18,,,,,,,,,,,,,,,,
2021-04-10,35,Ontario,Ontario,2808322,2475356,332966,18.94,16.70,2.25,,,,,,,,,,,,,,,,
2021-04-10,46,Manitoba,Manitoba,215922,147407,68515,15.60,10.65,4.95,,,,,,,,,,,,,,,,
2021-04-10,47,Saskatchewan,Saskatchewan,249539,208047,41492,21.15,17.63,3.52,,,,,,,,,,,,,,,,
2021-04-10,48,Alberta,Alberta,728292,563935,164357,16.39,12.69,3.70,,,,,,,,,,,,,,,,
2021-04-10,59,British Columbia,Colombie-Britannique,1022228,934409,87819,19.60,17.92,1.68,,,,,,,,,,,,,,,,
2021-04-10,60,Yukon,Yukon,23872,7096,16776,55.59,16.52,39.06,,,,,,,,,,,,,,,,
2021-04-10,61,Northwest Territories,Territoires du Nord-Ouest,24740,8271,16469,56.91,19.03,37.88,,,,,,,,,,,,,,,,
2021-04-10,62,Nunavut,Nunavut,13730,4267,9463,34.85,10.83,24.02,,,,,,,,,,,,,,,,
2021-04-17,1,Canada,Canada,9195114,8265016,930098,24.04,21.61,2.43,,,,,,,,,,,,,,,,
2021-04-17,10,Newfoundland and Labrador,Terre-Neuve-et-Labrador,122808,113134,9674,23.59,21.73,1.86,,,,,,,,,,,,,,,,
2021-04-17,11,Prince Edward Island,Île-du-Prince-Édouard,33368,23801,9567,20.31,14.48,5.82,,,,,,,,,,,,,,,,
2021-04-17,12,Nova Scotia,Nouvelle-Écosse,173886,141404,32482,17.53,14.25,3.27,,,,,,,,,,,,,,,,
2021-04-17,13,New Brunswick,Nouveau-Brunswick,182669,163822,18847,23.15,20.76,2.39,,,,,,,,,,,,,,,,
2021-04-17,24,Quebec,Québec,2325260,2295027,30233,27.02,26.67,0.35,,,,,,,,,,,,,,,,
2021-04-17,35,Ontario,Ontario,3493866,3148080,345786,23.57,21.23,2.33,,,,,,,,,,,,,,,,
2021-04-17,46,Manitoba,Manitoba,267700,197933,69767,19.35,14.30,5.04,,,,,,,,,,,,,,,,
2021-04-17,47,Saskatchewan,Saskatchewan,309369,266491,42878,26.22,22.59,3.63,,,,,,,,,,,,,,,,
2021-04-17,48,Alberta,Alberta,932880,700554,232326,21.00,15.77,5.23,,,,,,,,,,,,,,,,
2021-04-17,59,British Columbia,Colombie-Britannique,1289370,1201132,88238,24.73,23.03,1.69,,,,,,,,,,,,,,,,
2021-04-17,60,Yukon,Yukon,24317,4218,20099,56.62,9.82,46.80,,,,,,,,,,,,,,,,
2021-04-17,61,Northwest Territories,Territoires du Nord-Ouest,25369,6100,19269,58.36,14.03,44.32,,,,,,,,,,,,,,,,
2021-04-17,62,Nunavut,Nunavut,14252,3320,10932,36.17,8.43,27.74,,,,,,,,,,,,,,,,
2021-04-24,1,Canada,Canada,11132592,10112143,1020449,29.11,26.44,2.67,,,,,,,,,,,,,,,,
2021-04-24,10,Newfoundland and Labrador,Terre-Neuve-et-Labrador,147423,137727,9696,28.32,26.46,1.86,,,,,,,,,,,,,,,,
2021-04-24,11,Prince Edward Island,Île-du-Prince-Édouard,39530,29251,10279,24.06,17.80,6.26,,,,,,,,,,,,,,,,
2021-04-24,12,Nova Scotia,Nouvelle-Écosse,238566,203751,34815,24.05,20.54,3.51,,,,,,,,,,,,,,,,
2021-04-24,13,New Brunswick,Nouveau-Brunswick,219257,195088,24169,27.78,24.72,3.06,,,,,,,,,,,,,,,,
2021-04-24,24,Quebec,Québec,2773207,2721477,51730,32.23,31.63,0.60,,,,,,,,,,,,,,,,
2021-04-24,35,Ontario,Ontario,4268812,3908475,360337,28.79,26.36,2.43,,,,,,,,,,,,,,,,
2021-04-24,46,Manitoba,Manitoba,349534,278119,71415,25.26,20.10,5.16,,,,,,,,,,,,,,,,
2021-04-24,47,Saskatchewan,Saskatchewan,360002,316451,43551,30.51,26.82,3.69,,,,,,,,,,,,,,,,
2021-04-24,48,Alberta,Alberta,1127370,856730,270640,25.37,19.28,6.09,,,,,,,,,,,,,,,,
2021-04-24,59,British Columbia,Colombie-Britannique,1543065,1453896,89169,29.59,27.88,1.71,,,,,,,,,,,,,,,,
2021-04-24,60,Yukon,Yukon,24817,3290,21527,57.79,7.66,50.13,,,,,,,,,,,,,,,,
2021-04-24,61,Northwest Territories,Territoires du Nord-Ouest,25851,4910,20941,59.46,11.29,48.17,,,,,,,,,,,,,,,,
2021-04-24,62,Nunavut,Nunavut,15158,2978,12180,38.47,7.56,30.91,,,,,,,,,,,,,,,,
2021-05-01,1,Canada,Canada,12779536,11655857,1123679,33.42,30.48,2.94,,,,,,,,,,,,,,,,
2021-05-01,10,Newfoundland and Labrador,Terre-Neuve-et-Labrador,171285,161620,9665,32.90,31.05,1.86,,,,,,,,,,,,,,,,
2021-05-01,11,Prince Edward Island,Île-du-Prince-Édouard,45383,34745,10638,27.62,21.14,6.47,,,,,,,,,,,,,,,,
2021-05-01,12,Nova Scotia,Nouvelle-Écosse,283812,247213,36599,28.61,24.92,3.69,,,,,,,,,,,,,,,,
2021-05-01,13,New Brunswick,Nouveau-Brunswick,243986,216762,27224,30.91,27.47,3.45,,,,,,,,,,,,,,,,
2021-05-01,24,Quebec,Québec,3109455,3005084,104371,36.14,34.92,1.21,,,,,,,,,,,,,,,,
2021-05-01,35,Ontario,Ontario,4951946,4576638,375308,33.40,30.87,2.53,,,,,,,,,,,,,,,,
2021-05-01,46,Manitoba,Manitoba,412267,339058,73209,29.79,24.50,5.29,,,,,,,,,,,,,,,,
2021-05-01,47,Saskatchewan,Saskatchewan,406783,362269,44514,34.48,30.70,3.77,,,,,,,,,,,,,,,,
2021-05-01,48,Alberta,Alberta,1305432,1011710,293722,29.38,22.77,6.61,,,,,,,,,,,,,,,,
2021-05-01,59,British Columbia,Colombie-Britannique,1781618,1689723,91895,34.16,32.40,1.76,,,,,,,,,,,,,,,,
2021-05-01,60,Yukon,Yukon,25192,2858,22334,58.66,6.66,52.01,,,,,,,,,,,,,,,,
2021-05-01,61,Northwest Territories,Territoires du Nord-Ouest,26327,4655,21672,60.56,10.71,49.85,,,,,,,,,,,,,,,,
2021-05-01,62,Nunavut,Nunavut,16050,3522,12528,40.73,8.94,31.79,,,,,,,,,,,,,,,,
2021-05-08,1,Canada,Canada,14772158,13519160,1252998,38.63,35.35,3.28,,,,,,,,,,,,,,,,
2021-05-08,10,Newfoundland and Labrador,Terre-Neuve-et-Labrador,193584,183911,9673,37.19,35.33,1.86,,,,,,,,,,,,,,,,
2021-05-08,11,Prince Edward Island,Île-du-Prince-Édouard,52598,41662,10936,32.01,25.35,6.66,,,,,,,,,,,,,,,,
2021-05-08,12,Nova Scotia,Nouvelle-Écosse,326139,288440,37699,32.88,29.08,3.80,,,,,,,,,,,,,,,,
2021-05-08,13,New Brunswick,Nouveau-Brunswick,277729,247489,30240,35.19,31.36,3.83,,,,,,,,,,,,,,,,
2021-05-08,24,Quebec,Québec,3538616,3363699,174917,41.13,39.09,2.03,,,,,,,,,,,,,,,,
2021-05-08,35,Ontario,Ontario,5754150,5361156,392994,38.81,36.16,2.65,,,,,,,,,,,,,,,,
2021-05-08,46,Manitoba,Manitoba,473652,397891,75761,34.23,28.75,5.47,,,,,,,,,,,,,,,,
2021-05-08,47,Saskatchewan,Saskatchewan,481722,435342,46380,40.83,36.90,3.93,,,,,,,,,,,,,,,,
2021-05-08,48,Alberta,Alberta,1556400,1246471,309929,35.03,28.06,6.98,,,,,,,,,,,,,,,,
2021-05-08,59,British Columbia,Colombie-Britannique,2048120,1941844,106276,39.28,37.24,2.04,,,,,,,,,,,,,,,,
2021-05-08,60,Yukon,Yukon,25731,2914,22817,59.92,6.79,53.13,,,,,,,,,,,,,,,,
2021-05-08,61,Northwest Territories,Territoires du Nord-Ouest,27303,4804,22499,62.80,11.05,51.75,,,,,,,,,,,,,,,,
2021-05-08,62,Nunavut,Nunavut,16414,3537,12877,41.66,8.98,32.68,,,,,,,,,,,,,,,,
2021-05-15,1,Canada,Canada,17140068,15621663,1518405,44.82,40.85,3.97,,,,,,,,,,,,,,,,
2021-05-15,10,Newfoundland and Labrador,Terre-Neuve-et-Labrador,225770,215889,9881,43.37,41.47,1.90,,,,,,,,,,,,,,,,
2021-05-15,11,Prince Edward Island,Île-du-Prince-Édouard,62125,50371,11754,37.81,30.65,7.15,,,,,,,,,,,,,,,,
2021-05-15,12,Nova Scotia,Nouvelle-Écosse,388511,349306,39205,39.16,35.21,3.95,,,,,,,,,,,,,,,,
2021-05-15,13,New Brunswick,Nouveau-Brunswick,323355,289961,33394,40.97,36.74,4.23,,,,,,,,,,,,,,,,
2021-05-15,24,Quebec,Québec,4073238,3718773,354465,47.34,43.22,4.12,,,,,,,,,,,,,,,,
2021-05-15,35,Ontario,Ontario,6638361,6208493,429868,44.77,41.87,2.90,,,,,,,,,,,,,,,,
2021-05-15,46,Manitoba,Manitoba,560533,479650,80883,40.51,34.66,5.85,,,,,,,,,,,,,,,,
2021-05-15,47,Saskatchewan,Saskatchewan,554200,505443,48757,46.97,42.84,4.13,,,,,,,,,,,,,,,,
2021-05-15,48,Alberta,Alberta,1850072,1529798,320274,41.64,34.43,7.21,,,,,,,,,,,,,,,,
2021-05-15,59,British Columbia,Colombie-Britannique,2392600,2262170,130430,45.88,43.38,2.50,,,,,,,,,,,,,,,,
2021-05-15,60,Yukon,Yukon,26242,3006,23236,61.11,7.00,54.11,,,,,,,,,,,,,,,,
2021-05-15,61,Northwest Territories,Territoires du Nord-Ouest,28353,5397,22956,65.22,12.41,52.81,,,,,,,,,,,,,,,,
2021-05-15,62,Nunavut,Nunavut,16708,3406,13302,42.40,8.64,33.76,,,,,,,,,,,,,,,,
2021-05-22,1,Canada,Canada,19232248,17477501,1754747,50.29,45.70,4.59,,,,,,,,,,,,,,,,
2021-05-22,10,Newfoundland and Labrador,Terre-Neuve-et-Labrador,260190,249731,10459,49.98,47.97,2.01,,,,,,,,,,,,,,,,
2021-05-22,11,Prince Edward Island,Île-du-Prince-Édouard,71327,59028,12299,43.41,35.92,7.48,,,,,,,,,,,,,,,,
2021-05-22,12,Nova Scotia,Nouvelle-Écosse,460948,419495,41453,46.46,42.29,4.18,,,,,,,,,,,,,,,,
2021-05-22,13,New Brunswick,Nouveau-Brunswick,386865,350003,36862,49.02,44.35,4.67,,,,,,,,,,,,,,,,
2021-05-22,24,Quebec,Québec,4602185,4155234,446951,53.49,48.29,5.19,,,,,,,,,,,,,,,,
2021-05-22,35,Ontario,Ontario,7537294,7005191,532103,50.84,47.25,3.59,,,,,,,,,,,,,,,,
2021-05-22,46,Manitoba,Manitoba,643349,556554,86795,46.49,40.22,6.27,,,,,,,,,,,,,,,,
2021-05-22,47,Saskatchewan,Saskatchewan,604637,546507,58130,51.25,46.32,4.93,,,,,,,,,,,,,,,,
2021-05-22,48,Alberta,Alberta,1854382,1533466,320916,41.74,34.52,7.22,,,,,,,,,,,,,,,,
2021-05-22,59,British Columbia,Colombie-Britannique,2738510,2590890,147620,52.51,49.68,2.83,,,,,,,,,,,,,,,,
2021-05-22,60,Yukon,Yukon,26648,2934,23714,62.05,6.83,55.22,,,,,,,,,,,,,,,,
2021-05-22,61,Northwest Territories,Territoires du Nord-Ouest,28883,5547,23336,66.44,12.76,53.68,,,,,,,,,,,,,,,,
2021-05-22,62,Nunavut,Nunavut,17030,2921,14109,43.22,7.41,35.81,,,,,,,,,,,,,,,,
2021-05-29,1,Canada,Canada,21579682,19410408,2169274,56.43,50.75,5.67,,,,,,,,,,,,,,,,
2021-05-29,10,Newfoundland and Labrador,Terre-Neuve-et-Labrador,290038,278592,11446,55.72,53.52,2.20,,,,,,,,,,,,,,,,
2021-05-29,11,Prince Edward Island,Île-du-Prince-Édouard,79800,66370,13430,48.56,40.39,8.17,,,,,,,,,,,,,,,,
2021-05-29,12,Nova Scotia,Nouvelle-Écosse,537868,494407,43461,54.22,49.84,4.38,,,,,,,,,,,,,,,,
2021-05-29,13,New Brunswick,Nouveau-Brunswick,432047,391203,40844,54.74,49.57,5.18,,,,,,,,,,,,,,,,
2021-05-29,24,Quebec,Québec,5077136,4518964,558172,59.01,52.52,6.49,,,,,,,,,,,,,,,,
2021-05-29,35,Ontario,Ontario,8298869,7609233,689636,55.97,51.32,4.65,,,,,,,,,,,,,,,,
2021-05-29,46,Manitoba,Manitoba,728662,623026,105636,52.66,45.02,7.63,,,,,,,,,,,,,,,,
2021-05-29,47,Saskatchewan,Saskatchewan,642300,559140,83160,54.44,47.39,7.05,,,,,,,,,,,,,,,,
2021-05-29,48,Alberta,Alberta,2357833,1977913,379920,53.07,44.52,8.55,,,,,,,,,,,,,,,,
2021-05-29,59,British Columbia,Colombie-Britannique,3061385,2880801,180584,58.71,55.24,3.46,,,,,,,,,,,,,,,,
2021-05-29,60,Yukon,Yukon,26952,2815,24137,62.76,6.55,56.20,,,,,,,,,,,,,,,,
2021-05-29,61,Northwest Territories,Territoires du Nord-Ouest,29562,5657,23905,68.00,13.01,54.99,,,,,,,,,,,,,,,,
2021-05-29,62,Nunavut,Nunavut,17230,2287,14943,43.73,5.80,37.92,,,,,,,,,,,,,,,,
2021-06-05,1,Canada,Canada,23312102,19960812,3050407,60.96,52.19,7.98,23283712,19936709,3045247,69.54,59.54,9.09,23290330,19943317,3045247,64.05,54.85,8.37,,,,
2021-06-05,10,Newfoundland and Labrador,Terre-Neuve-et-Labrador,318238,,17355,61.13,,3.33,316188,,14432,67.6,,3.09,316198,,14432,63.11,,2.88,,,,
2021-06-05,11,Prince Edward Island,Île-du-Prince-Édouard,89736,75339,14397,54.61,45.85,8.76,89736,75339,14397,61.7,51.8,9.9,89736,75339,14397,57.08,47.92,9.16,,,,
2021-06-05,12,Nova Scotia,Nouvelle-Écosse,590905,546361,44544,59.56,55.07,4.49,590905,546361,44544,66.82,61.78,5.04,590905,546361,44544,62.16,57.48,4.69,,,,
2021-06-05,13,New Brunswick,Nouveau-Brunswick,484410,437333,47077,61.38,55.41,5.96,484410,437333,47077,69.02,62.31,6.71,484410,437333,47077,64.06,57.83,6.23,,,,
2021-06-05,24,Quebec,Québec,5529406,4815864,713542,64.26,55.97,8.29,5529406,4815864,713542,73.41,63.93,9.47,5529406,4815864,713542,67.57,58.85,8.72,,,,
2021-06-05,35,Ontario,Ontario,8963082,7929387,1033695,60.45,53.48,6.97,8955089,7923581,1031508,68.68,60.77,7.91,8955089,7923581,1031508,63.45,56.14,7.31,,,,
2021-06-05,46,Manitoba,Manitoba,786098,639752,146346,56.81,46.23,10.58,786020,639680,146340,66.84,54.39,12.44,786020,639680,146340,60.39,49.15,11.24,,,,
2021-06-05,47,Saskatchewan,Saskatchewan,660941,523922,137019,56.02,44.41,11.61,660907,523888,137019,66.3,52.55,13.74,660912,523893,137019,59.7,47.32,12.38,,,,
2021-06-05,48,Alberta,Alberta,2511236,1991366,519870,56.52,44.82,11.70,2499604,1979778,519826,65.92,52.21,13.71,2499604,1979778,519826,59.74,47.32,12.42,,,,
2021-06-05,59,British Columbia,Colombie-Britannique,3307406,2991745,315661,63.42,57.37,6.05,3300803,2985142,315661,71.07,64.27,6.8,3307406,2991745,315661,66.27,59.95,6.32,,,,
2021-06-05,60,Yukon,Yukon,27199,2695,24504,63.33,6.28,57.06,27199,2695,24504,72.79,7.21,65.58,27199,2695,24504,66.85,6.62,60.22,,,,
2021-06-05,61,Northwest Territories,Territoires du Nord-Ouest,25647,4295,21352,59.00,9.88,49.12,25647,4295,21352,70.12,11.74,58.38,25647,4295,21352,63.05,10.56,52.49,,,,
2021-06-05,62,Nunavut,Nunavut,17798,2753,15045,45.17,6.99,38.18,17798,2753,15045,60.48,9.35,51.12,17798,2753,15045,50.38,7.79,42.59,,,,
2021-06-12,1,Canada,Canada,24407293,19218674,4871199,63.82,50.25,12.74,24376961,19191891,4868348,72.8,57.32,14.54,24385469,19200387,4868349,67.06,52.8,13.39,,,,
2021-06-12,10,Newfoundland and Labrador,Terre-Neuve-et-Labrador,343290,,25870,65.95,,4.97,342386,,25664,73.2,,5.49,342397,,25664,68.34,,5.12,,,,
2021-06-12,11,Prince Edward Island,Île-du-Prince-Édouard,99261,81974,17287,60.41,49.89,10.52,99261,81974,17287,68.25,56.37,11.89,99261,81974,17287,63.13,52.14,11,,,,
2021-06-12,12,Nova Scotia,Nouvelle-Écosse,644668,593805,50863,64.98,59.86,5.13,644668,593805,50863,72.9,67.15,5.75,644668,593805,50863,67.82,62.47,5.35,,,,
2021-06-12,13,New Brunswick,Nouveau-Brunswick,510093,433716,76377,64.63,54.95,9.68,510088,433711,76377,72.67,61.79,10.88,510093,433716,76377,67.46,57.36,10.1,,,,
2021-06-12,24,Quebec,Québec,5809723,4749659,1060064,67.52,55.20,12.32,5809723,4749659,1060064,77.13,63.06,14.07,5809723,4749659,1060064,71,58.04,12.95,,,,
2021-06-12,35,Ontario,Ontario,9413440,7613665,1799775,63.49,51.35,12.14,9405386,7608096,1797290,72.14,58.35,13.78,9405386,7608096,1797290,66.64,53.91,12.73,,,,
2021-06-12,46,Manitoba,Manitoba,825173,624304,200869,59.63,45.12,14.52,825099,624236,200863,70.16,53.08,17.08,825099,624236,200863,63.4,47.96,15.43,,,,
2021-06-12,47,Saskatchewan,Saskatchewan,680783,470631,210152,57.70,39.89,17.81,680733,470581,210152,68.29,47.2,21.08,680752,470600,210152,61.49,42.51,18.98,,,,
2021-06-12,48,Alberta,Alberta,2589472,1836304,753168,58.28,41.33,16.95,2576700,1823685,753015,67.95,48.1,19.86,2576700,1823685,753015,61.58,43.58,18,,,,
2021-06-12,59,British Columbia,Colombie-Britannique,3419622,2805751,613871,65.58,53.80,11.77,3411149,2797279,613870,73.44,60.22,13.22,3419622,2805751,613871,68.52,56.22,12.3,,,,
2021-06-12,60,Yukon,Yukon,27470,2484,24986,63.97,5.78,58.18,27470,2484,24986,73.52,6.65,66.87,27470,2484,24986,67.51,6.1,61.41,,,,
2021-06-12,61,Northwest Territories,Territoires du Nord-Ouest,26067,3530,22537,59.96,8.12,51.84,26067,3530,22537,71.27,9.65,61.62,26067,3530,22537,64.08,8.68,55.4,,,,
2021-06-12,62,Nunavut,Nunavut,18231,2851,15380,46.27,7.24,39.03,18231,2851,15380,61.95,9.69,52.26,18231,2851,15380,51.6,8.07,43.53,,,,
2021-06-19,1,Canada,Canada,25036920,17388850,7330967,65.47,45.47,19.17,25006260,17362180,7326224,74.68,51.85,21.88,25015565,17371461,7326230,68.8,47.77,20.15,,,,
2021-06-19,10,Newfoundland and Labrador,Terre-Neuve-et-Labrador,363831,,46728,69.89,,8.98,363115,,45259,77.63,,9.68,363133,,45259,72.48,,9.03,,,,
2021-06-19,11,Prince Edward Island,Île-du-Prince-Édouard,108898,88853,20045,66.27,54.07,12.20,108898,88853,20045,74.88,61.1,13.78,108898,88853,20045,69.26,56.51,12.75,,,,
2021-06-19,12,Nova Scotia,Nouvelle-Écosse,687356,604630,82726,69.29,60.95,8.34,687355,604630,82725,77.72,68.37,9.35,687355,604630,82725,72.31,63.6,8.7,,,,
2021-06-19,13,New Brunswick,Nouveau-Brunswick,521178,391451,129727,66.04,49.60,16.44,521173,391446,129727,74.25,55.77,18.48,521178,391451,129727,68.92,51.77,17.16,,,,
2021-06-19,24,Quebec,Québec,5941900,4378224,1563676,69.06,50.88,18.17,5941900,4378224,1563676,78.88,58.12,20.76,5941900,4378224,1563676,72.61,53.51,19.11,,,,
2021-06-19,35,Ontario,Ontario,9677721,6800058,2877663,65.27,45.86,19.41,9670643,6795738,2874905,74.17,52.12,22.05,9670643,6795738,2874905,68.52,48.15,20.37,,,,
2021-06-19,46,Manitoba,Manitoba,849464,564359,285105,61.39,40.78,20.60,849371,564273,285098,72.22,47.98,24.24,849371,564273,285098,65.26,43.36,21.91,,,,
2021-06-19,47,Saskatchewan,Saskatchewan,697936,410900,287036,59.15,34.83,24.33,697873,410837,287036,70,41.21,28.79,697898,410862,287036,63.04,37.11,25.93,,,,
2021-06-19,48,Alberta,Alberta,2638391,1563338,1075053,59.38,35.19,24.20,2624944,1550393,1074551,69.23,40.89,28.34,2624944,1550393,1074551,62.73,37.05,25.68,,,,
2021-06-19,59,British Columbia,Colombie-Britannique,3475832,2577295,898537,66.65,49.42,17.23,3466600,2568069,898531,74.63,55.29,19.35,3475832,2577295,898537,69.65,51.64,18,,,,
2021-06-19,60,Yukon,Yukon,28065,2419,25646,65.35,5.63,59.72,28065,2419,25646,75.11,6.47,68.64,28065,2419,25646,68.98,5.95,63.03,,,,
2021-06-19,61,Northwest Territories,Territoires du Nord-Ouest,26530,3251,23279,61.03,7.48,53.55,26505,3226,23279,72.47,8.82,63.65,26530,3251,23279,65.22,7.99,57.23,,,,
2021-06-19,62,Nunavut,Nunavut,19818,4072,15746,50.30,10.33,39.96,19818,4072,15746,67.34,13.84,53.51,19818,4072,15746,56.1,11.53,44.57,,,,
2021-06-26,1,Canada,Canada,25454731,14833936,10321362,66.56,38.79,26.99,25421173,14807215,10313641,75.92,44.22,30.8,25431303,14817310,10313657,69.94,40.75,28.36,,,,
2021-06-26,10,Newfoundland and Labrador,Terre-Neuve-et-Labrador,378807,,79374,72.77,,15.25,376337,,76020,80.46,,16.25,376356,,76020,75.12,,15.17,,,,
2021-06-26,11,Prince Edward Island,Île-du-Prince-Édouard,114335,86005,28330,69.58,52.34,17.24,114335,86005,28330,78.62,59.14,19.48,114335,86005,28330,72.72,54.7,18.02,,,,
2021-06-26,12,Nova Scotia,Nouvelle-Écosse,698309,530068,168241,70.39,53.43,16.96,698307,530067,168240,78.96,59.94,19.02,698307,530067,168240,73.46,55.76,17.7,,,,
2021-06-26,13,New Brunswick,Nouveau-Brunswick,531111,331334,199777,67.30,41.98,25.31,531106,331329,199777,75.67,47.21,28.46,531111,331334,199777,70.24,43.82,26.42,,,,
2021-06-26,24,Quebec,Québec,5996061,3835569,2160492,69.69,44.58,25.11,5996061,3835569,2160492,79.6,50.92,28.68,5996061,3835569,2160492,73.28,46.87,26.4,,,,
2021-06-26,35,Ontario,Ontario,9864684,5695604,4169080,66.54,38.42,28.12,9857535,5691815,4165720,75.61,43.66,31.95,9857535,5691815,4165720,69.84,40.33,29.52,,,,
2021-06-26,46,Manitoba,Manitoba,870030,434761,435269,62.87,31.42,31.46,869931,434675,435256,73.97,36.96,37.01,869931,434675,435256,66.84,33.4,33.44,,,,
2021-06-26,47,Saskatchewan,Saskatchewan,709849,307211,402638,60.16,26.04,34.13,709782,307144,402638,71.2,30.81,40.39,709810,307172,402638,64.12,27.75,36.37,,,,
2021-06-26,48,Alberta,Alberta,2663494,1371422,1292072,59.95,30.87,29.08,2649806,1358711,1291095,69.88,35.83,34.05,2649806,1358711,1291095,63.33,32.47,30.86,,,,
2021-06-26,59,British Columbia,Colombie-Britannique,3549916,2230265,1319651,68.07,42.77,25.31,3539902,2220267,1319635,76.21,47.8,28.41,3549916,2230265,1319651,71.13,44.69,26.44,,,,
2021-06-26,60,Yukon,Yukon,30298,3719,26579,70.55,8.66,61.89,30298,3719,26579,81.09,9.95,71.13,30298,3719,26579,74.46,9.14,65.32,,,,
2021-06-26,61,Northwest Territories,Territoires du Nord-Ouest,26879,3122,23757,61.83,7.18,54.65,26815,3058,23757,73.32,8.36,64.95,26879,3122,23757,66.08,7.68,58.4,,,,
2021-06-26,62,Nunavut,Nunavut,20958,4856,16102,53.19,12.32,40.86,20958,4856,16102,71.22,16.5,54.71,20958,4856,16102,59.32,13.75,45.58,,,,
2021-07-03,1,Canada,Canada,25810950,11888323,13646770,67.49,31.09,35.68,25776623,11864451,13637285,76.98,35.43,40.73,25786979,11874750,13637321,70.92,32.66,37.5,,,,
2021-07-03,10,Newfoundland and Labrador,Terre-Neuve-et-Labrador,384504,,108647,73.86,,20.87,381941,,107054,81.65,,22.89,381962,,107054,76.24,,21.37,,,,
2021-07-03,11,Prince Edward Island,Île-du-Prince-Édouard,117161,80151,37010,71.30,48.78,22.52,117161,80151,37010,80.56,55.11,25.45,117161,80151,37010,74.52,50.98,23.54,,,,
2021-07-03,12,Nova Scotia,Nouvelle-Écosse,703055,426125,276930,70.87,42.95,27.91,703053,426124,276929,79.5,48.18,31.31,703053,426124,276929,73.96,44.83,29.13,,,,
2021-07-03,13,New Brunswick,Nouveau-Brunswick,537762,263405,274357,68.14,33.38,34.76,537757,263400,274357,76.62,37.53,39.09,537762,263405,274357,71.12,34.83,36.28,,,,
2021-07-03,24,Quebec,Québec,6047440,3244562,2802878,70.28,37.71,32.57,6047440,3244562,2802878,80.28,43.07,37.21,6047440,3244562,2802878,73.9,39.65,34.25,,,,
2021-07-03,35,Ontario,Ontario,10006851,4450276,5556575,67.49,30.02,37.48,9999807,4447079,5552728,76.7,34.11,42.59,9999807,4447079,5552728,70.85,31.51,39.34,,,,
2021-07-03,46,Manitoba,Manitoba,894428,310956,583472,64.64,22.47,42.17,894328,310874,583454,76.05,26.43,49.61,894328,310874,583454,68.71,23.89,44.83,,,,
2021-07-03,47,Saskatchewan,Saskatchewan,719115,229331,489784,60.95,19.44,41.51,719044,229260,489784,72.13,23,49.13,719077,229293,489784,64.96,20.71,44.24,,,,
2021-07-03,48,Alberta,Alberta,2717742,941417,1776325,61.17,21.19,39.98,2703497,931162,1772335,71.3,24.56,46.74,2703497,931162,1772335,64.61,22.25,42.36,,,,
2021-07-03,59,British Columbia,Colombie-Britannique,3603679,1930844,1672835,69.10,37.03,32.08,3593458,1920659,1672799,77.37,41.35,36.01,3603679,1930844,1672835,72.21,38.69,33.52,,,,
2021-07-03,60,Yukon,Yukon,30670,3370,27300,71.42,7.85,63.57,30670,3370,27300,82.08,9.02,73.06,30670,3370,27300,75.38,8.28,67.1,,,,
2021-07-03,61,Northwest Territories,Territoires du Nord-Ouest,27138,2948,24190,62.42,6.78,55.64,27062,2872,24190,73.99,7.85,66.14,27138,2948,24190,66.72,7.25,59.47,,,,
2021-07-03,62,Nunavut,Nunavut,21405,4938,16467,54.32,12.53,41.79,21405,4938,16467,72.73,16.78,55.96,21405,4938,16467,60.59,13.98,46.61,,,,
2021-07-10,1,Canada,Canada,26129583,9268523,16622731,68.32,24.24,43.46,26088251,9246103,16610472,77.92,27.61,49.61,26098908,9256595,16610615,71.78,25.46,45.68,,,,
2021-07-10,10,Newfoundland and Labrador,Terre-Neuve-et-Labrador,392429,,154100,75.39,,29.60,385499,,153823,82.41,,32.89,385521,,153823,76.95,,30.7,,,,
2021-07-10,11,Prince Edward Island,Île-du-Prince-Édouard,119632,71373,48259,72.81,43.44,29.37,119632,71373,48259,82.26,49.08,33.18,119632,71373,48259,76.09,45.4,30.69,,,,
2021-07-10,12,Nova Scotia,Nouvelle-Écosse,711307,317857,393450,71.70,32.04,39.66,711306,317856,393450,80.43,35.94,44.49,711306,317856,393450,74.83,33.44,41.39,,,,
2021-07-10,13,New Brunswick,Nouveau-Brunswick,545780,198772,347008,69.15,25.19,43.97,545780,198772,347008,77.76,28.32,49.44,545780,198772,347008,72.18,26.29,45.89,,,,
2021-07-10,24,Quebec,Québec,6095711,2634767,3460944,70.84,30.62,40.22,6095711,2634767,3460944,80.93,34.98,45.95,6095711,2634767,3460944,74.49,32.2,42.3,,,,
2021-07-10,35,Ontario,Ontario,10142704,3283639,6859065,68.41,22.15,46.26,10133601,3280800,6852801,77.72,25.16,52.56,10133601,3280800,6852801,71.8,23.25,48.56,,,,
2021-07-10,46,Manitoba,Manitoba,914318,237861,676457,66.07,17.19,48.89,914212,237775,676437,77.74,20.22,57.52,914212,237775,676437,70.24,18.27,51.97,,,,
2021-07-10,47,Saskatchewan,Saskatchewan,728838,170998,557840,61.77,14.49,47.28,728761,170921,557840,73.1,17.15,55.96,728793,170953,557840,65.83,15.44,50.39,,,,
2021-07-10,48,Alberta,Alberta,2747926,763206,1984720,61.85,17.18,44.67,2733414,754249,1979165,72.09,19.89,52.2,2733414,754249,1979165,65.33,18.03,47.3,,,,
2021-07-10,59,British Columbia,Colombie-Britannique,3650613,1579638,2070975,70.00,30.29,39.71,3640088,1569249,2070839,78.37,33.79,44.58,3650613,1579638,2070975,73.15,31.65,41.5,,,,
2021-07-10,60,Yukon,Yukon,31062,2952,28110,72.33,6.87,65.46,31062,2952,28110,83.13,7.9,75.23,31062,2952,28110,76.34,7.26,69.09,,,,
2021-07-10,61,Northwest Territories,Territoires du Nord-Ouest,27364,2761,24603,62.94,6.35,56.59,27286,2690,24596,74.6,7.35,67.25,27364,2761,24603,67.27,6.79,60.48,,,,
2021-07-10,62,Nunavut,Nunavut,21899,4699,17200,55.58,11.93,43.65,21899,4699,17200,74.41,15.97,58.45,21899,4699,17200,61.99,13.3,48.69,,,,
2021-07-17,1,Canada,Canada,26429361,7121243,19104915,69.11,18.62,49.96,26375638,7097176,19082536,78.77,21.2,56.99,26386371,7107243,19083181,72.57,19.55,52.48,,,,
2021-07-17,10,Newfoundland and Labrador,Terre-Neuve-et-Labrador,397427,,194224,76.35,,37.31,388439,,192513,83.04,,41.16,388461,,192514,77.54,,38.43,,,,
2021-07-17,11,Prince Edward Island,Île-du-Prince-Édouard,121771,63132,58639,74.11,38.42,35.69,121771,63132,58639,83.73,43.41,40.32,121771,63132,58639,77.45,40.15,37.3,,,,
2021-07-17,12,Nova Scotia,Nouvelle-Écosse,724947,239735,485212,73.08,24.17,48.91,724945,239733,485212,81.97,27.11,54.87,724945,239733,485212,76.26,25.22,51.04,,,,
2021-07-17,13,New Brunswick,Nouveau-Brunswick,552408,151223,401185,69.99,19.16,50.83,552408,151223,401185,78.7,21.55,57.16,552408,151223,401185,73.05,20,53.05,,,,
2021-07-17,24,Quebec,Québec,6147597,2114204,4033393,71.45,24.57,46.88,6147292,2113899,4033393,81.61,28.06,53.55,6147365,2113972,4033393,75.13,25.83,49.29,,,,
2021-07-17,35,Ontario,Ontario,10269103,2421176,7847927,69.26,16.33,52.93,10263784,2419291,7844493,78.72,18.56,60.17,10263784,2419291,7844493,72.72,17.14,55.58,,,,
2021-07-17,46,Manitoba,Manitoba,929567,195231,734336,67.18,14.11,53.07,929458,195144,734314,79.03,16.59,62.44,929458,195144,734314,71.41,14.99,56.42,,,,
2021-07-17,47,Saskatchewan,Saskatchewan,736230,140459,595771,62.40,11.90,50.50,736150,140384,595766,73.84,14.08,59.76,736181,140415,595766,66.5,12.68,53.82,,,,
2021-07-17,48,Alberta,Alberta,2779941,540094,2239847,62.57,12.16,50.41,2751628,528344,2223284,72.57,13.93,58.63,2751628,528344,2223284,65.76,12.63,53.14,,,,
2021-07-17,59,British Columbia,Colombie-Britannique,3689083,1247164,2441919,70.74,23.92,46.83,3678571,1237267,2441304,79.2,26.64,52.56,3689083,1247164,2441919,73.92,24.99,48.93,,,,
2021-07-17,60,Yukon,Yukon,31306,2622,28684,72.90,6.11,66.79,31306,2622,28684,83.78,7.02,76.77,31306,2622,28684,76.94,6.44,70.5,,,,
2021-07-17,61,Northwest Territories,Territoires du Nord-Ouest,27609,2536,25073,63.51,5.83,57.67,27514,2470,25044,75.23,6.75,68.47,27609,2536,25073,67.87,6.23,61.64,,,,
2021-07-17,62,Nunavut,Nunavut,22372,3667,18705,56.78,9.31,47.47,22372,3667,18705,76.02,12.46,63.56,22372,3667,18705,63.33,10.38,52.95,,,,
2021-07-24,1,Canada,Canada,26689703,5349513,21174844,69.79,13.99,55.37,26635017,5328597,21148106,79.55,15.91,63.16,26645666,5336899,21150432,73.28,14.68,58.17,,,,
2021-07-24,10,Newfoundland and Labrador,Terre-Neuve-et-Labrador,399946,,234600,76.83,,45.07,391102,,232788,83.61,,49.77,391124,,232789,78.07,,46.47,,,,
2021-07-24,11,Prince Edward Island,Île-du-Prince-Édouard,123085,53507,69578,74.91,32.56,42.34,123085,53507,69578,84.63,36.79,47.84,123085,53507,69578,78.29,34.03,44.25,,,,
2021-07-24,12,Nova Scotia,Nouvelle-Écosse,728671,172169,556502,73.45,17.35,56.10,728664,172166,556498,82.4,19.47,62.93,728664,172166,556498,76.65,18.11,58.54,,,,
2021-07-24,13,New Brunswick,Nouveau-Brunswick,559527,114958,444569,70.90,14.57,56.33,559527,114958,444569,79.72,16.38,63.34,559527,114958,444569,73.99,15.2,58.79,,,,
2021-07-24,24,Quebec,Québec,6199110,1603526,4595584,72.05,18.64,53.41,6198844,1603260,4595584,82.29,21.28,61.01,6198917,1603333,4595584,75.76,19.59,56.16,,,,
2021-07-24,35,Ontario,Ontario,10383281,1811180,8572101,70.03,12.22,57.82,10377964,1809485,8568479,79.6,13.88,65.72,10377964,1809485,8568479,73.53,12.82,60.71,,,,
2021-07-24,46,Manitoba,Manitoba,943121,157256,785865,68.16,11.36,56.79,943014,157172,785842,80.19,13.36,66.82,943014,157172,785842,72.46,12.08,60.38,,,,
2021-07-24,47,Saskatchewan,Saskatchewan,743338,117737,625601,63.00,9.98,53.02,743270,117669,625601,74.56,11.8,62.75,743301,117700,625601,67.14,10.63,56.51,,,,
2021-07-24,48,Alberta,Alberta,2803897,422693,2381204,63.11,9.51,53.60,2774343,412091,2362252,73.17,10.87,62.3,2774343,412091,2362252,66.31,9.85,56.46,,,,
2021-07-24,59,British Columbia,Colombie-Britannique,3723811,888507,2835304,71.41,17.04,54.37,3713389,880357,2833032,79.95,18.95,60.99,3723811,888507,2835304,74.61,17.8,56.81,,,,
2021-07-24,60,Yukon,Yukon,31502,2333,29169,73.35,5.43,67.92,31502,2333,29169,84.31,6.24,78.07,31502,2333,29169,77.42,5.73,71.69,,,,
2021-07-24,61,Northwest Territories,Territoires du Nord-Ouest,27803,2288,25515,63.95,5.26,58.69,27702,2240,25462,75.74,6.12,69.62,27803,2288,25515,68.35,5.62,62.73,,,,
2021-07-24,62,Nunavut,Nunavut,22611,3359,19252,57.38,8.52,48.86,22611,3359,19252,76.83,11.41,65.42,22611,3359,19252,64,9.51,54.5,,,,
2021-07-31,1,Canada,Canada,26927832,4169325,22623414,70.41,10.90,59.16,26873485,4151259,22593191,80.26,12.4,67.48,26883971,4157460,22597455,73.94,11.43,62.15,,,,
2021-07-31,10,Newfoundland and Labrador,Terre-Neuve-et-Labrador,403456,,268363,77.51,,51.55,395635,,266600,84.58,,57,395658,,266602,78.97,,53.21,,,,
2021-07-31,11,Prince Edward Island,Île-du-Prince-Édouard,124384,44214,80170,75.70,26.91,48.79,124384,44214,80170,85.53,30.4,55.13,124384,44214,80170,79.11,28.12,50.99,,,,
2021-07-31,12,Nova Scotia,Nouvelle-Écosse,736474,119095,617379,74.24,12.00,62.23,736471,119093,617378,83.28,13.47,69.81,736471,119093,617378,77.47,12.53,64.95,,,,
2021-07-31,13,New Brunswick,Nouveau-Brunswick,565011,95516,469495,71.59,12.10,59.49,565011,95516,469495,80.5,13.61,66.89,565011,95516,469495,74.72,12.63,62.09,,,,
2021-07-31,24,Quebec,Québec,6239807,1223575,5016232,72.52,14.22,58.30,6239527,1223295,5016232,82.84,16.24,66.59,6239604,1223372,5016232,76.25,14.95,61.3,,,,
2021-07-31,35,Ontario,Ontario,10485065,1447489,9037576,70.72,9.76,60.96,10479733,1445953,9033780,80.38,11.09,69.29,10479733,1445953,9033780,74.25,10.25,64.01,,,,
2021-07-31,46,Manitoba,Manitoba,958899,109205,849694,69.30,7.89,61.40,958798,109138,849660,81.53,9.28,72.25,958798,109138,849660,73.67,8.39,65.28,,,,
2021-07-31,47,Saskatchewan,Saskatchewan,749234,101293,647941,63.50,8.59,54.92,749157,101222,647935,75.15,10.15,65,749192,101251,647941,67.68,9.15,58.53,,,,
2021-07-31,48,Alberta,Alberta,2825516,359966,2465550,63.60,8.10,55.49,2795134,349951,2445183,73.71,9.23,64.49,2795134,349951,2445183,66.8,8.36,58.44,,,,
2021-07-31,59,British Columbia,Colombie-Britannique,3757483,661552,3095931,72.05,12.69,59.37,3747258,655519,3091739,80.68,14.11,66.56,3757483,661552,3095931,75.29,13.26,62.03,,,,
2021-07-31,60,Yukon,Yukon,31730,2257,29473,73.89,5.26,68.63,31716,2243,29473,84.88,6,78.88,31730,2257,29473,77.98,5.55,72.44,,,,
2021-07-31,61,Northwest Territories,Territoires du Nord-Ouest,27973,2087,25886,64.35,4.80,59.55,27861,2039,25822,76.17,5.57,70.6,27973,2087,25886,68.77,5.13,63.64,,,,
2021-07-31,62,Nunavut,Nunavut,22800,3076,19724,57.86,7.81,50.06,22800,3076,19724,77.47,10.45,67.02,22800,3076,19724,64.54,8.71,55.83,,,,
2021-08-07,1,Canada,Canada,27116673,3604109,23512564,70.90,9.42,61.48,27067685,3587953,23479732,80.84,10.72,70.12,27078119,3592778,23485341,74.47,9.88,64.59,,,,
2021-08-07,10,Newfoundland and Labrador,Terre-Neuve-et-Labrador,407370,108925,298445,78.26,20.92,57.33,405477,108770,296707,86.68,23.25,63.43,405494,108785,296709,80.94,21.71,59.22,,,,
2021-08-07,11,Prince Edward Island,Île-du-Prince-Édouard,125512,34792,90720,76.38,21.17,55.21,125512,34792,90720,86.3,23.92,62.38,125512,34792,90720,79.83,22.13,57.7,,,,
2021-08-07,12,Nova Scotia,Nouvelle-Écosse,744097,94606,649491,75.01,9.54,65.47,744094,94604,649490,84.14,10.7,73.44,744094,94604,649490,78.28,9.95,68.32,,,,
2021-08-07,13,New Brunswick,Nouveau-Brunswick,569169,86351,482818,72.12,10.94,61.18,569164,86346,482818,81.09,12.3,68.79,569169,86351,482818,75.27,11.42,63.85,,,,
2021-08-07,24,Quebec,Québec,6284820,980304,5304516,73.04,11.39,61.65,6284534,980018,5304516,83.43,13.01,70.42,6284610,980094,5304516,76.8,11.98,64.82,,,,
2021-08-07,35,Ontario,Ontario,10553582,1232979,9320603,71.18,8.32,62.87,10548305,1231558,9316747,80.9,9.45,71.46,10548305,1231558,9316747,74.74,8.73,66.01,,,,
2021-08-07,46,Manitoba,Manitoba,965803,97210,868593,69.80,7.03,62.77,965704,97144,868560,82.12,8.26,73.86,965704,97144,868560,74.2,7.46,66.74,,,,
2021-08-07,47,Saskatchewan,Saskatchewan,753307,93111,660196,63.85,7.89,55.96,753231,93042,660189,75.56,9.33,66.22,753266,93070,660196,68.04,8.41,59.64,,,,
2021-08-07,48,Alberta,Alberta,2842134,330323,2511811,63.97,7.43,56.54,2811086,320872,2490214,74.14,8.46,65.67,2811086,320872,2490214,67.18,7.67,59.51,,,,
2021-08-07,59,British Columbia,Colombie-Britannique,3787832,538479,3249353,72.64,10.33,62.31,3777683,533856,3243827,81.33,11.49,69.84,3787832,538479,3249353,75.9,10.79,65.11,,,,
2021-08-07,60,Yukon,Yukon,31939,2096,29843,74.37,4.88,69.49,31903,2060,29843,85.38,5.51,79.87,31939,2096,29843,78.5,5.15,73.35,,,,
2021-08-07,61,Northwest Territories,Territoires du Nord-Ouest,28146,1979,26167,64.74,4.55,60.19,28030,1937,26093,76.64,5.3,71.34,28146,1979,26167,69.19,4.87,64.33,,,,
2021-08-07,62,Nunavut,Nunavut,22962,2954,20008,58.27,7.50,50.78,22962,2954,20008,78.03,10.04,67.99,22962,2954,20008,65,8.36,56.63,,,,
2021-08-14,1,Canada,Canada,27313314,3048823,24264491,71.42,7.97,63.45,27264125,3034134,24229991,81.43,9.06,72.37,27274366,3037465,24236901,75.01,8.35,66.66,,,,
2021-08-14,10,Newfoundland and Labrador,Terre-Neuve-et-Labrador,411260,87230,324030,79.00,16.76,62.25,409853,87116,322737,87.62,18.62,69,409868,87129,322739,81.81,17.39,64.42,,,,
2021-08-14,11,Prince Edward Island,Île-du-Prince-Édouard,126392,25800,100592,76.92,15.70,61.22,126392,25800,100592,86.91,17.74,69.17,126392,25800,100592,80.39,16.41,63.98,,,,
2021-08-14,12,Nova Scotia,Nouvelle-Écosse,747651,85963,661688,75.36,8.67,66.70,747631,85956,661675,84.54,9.72,74.82,747631,85956,661675,78.65,9.04,69.61,,,,
2021-08-14,13,New Brunswick,Nouveau-Brunswick,572862,78320,494542,72.59,9.92,62.66,572862,78320,494542,81.62,11.16,70.46,572862,78320,494542,75.76,10.36,65.4,,,,
2021-08-14,24,Quebec,Québec,6343427,790256,5553171,73.72,9.18,64.54,6343148,789977,5553171,84.21,10.49,73.72,6343226,790055,5553171,77.52,9.66,67.86,,,,
2021-08-14,35,Ontario,Ontario,10624677,1059550,9565127,71.66,7.15,64.51,10619084,1057899,9561185,81.45,8.11,73.33,10619084,1057899,9561185,75.24,7.5,67.75,,,,
2021-08-14,46,Manitoba,Manitoba,971605,85604,886001,70.21,6.19,64.03,971508,85541,885967,82.61,7.27,75.34,971508,85541,885967,74.64,6.57,68.07,,,,
2021-08-14,47,Saskatchewan,Saskatchewan,757363,87394,669969,64.19,7.41,56.78,757277,87320,669957,75.96,8.76,67.2,757316,87352,669964,68.41,7.89,60.52,,,,
2021-08-14,48,Alberta,Alberta,2858602,309715,2548887,64.34,6.97,57.37,2827004,300422,2526582,74.56,7.92,66.63,2827004,300422,2526582,67.56,7.18,60.38,,,,
2021-08-14,59,British Columbia,Colombie-Britannique,3815915,432363,3383552,73.17,8.29,64.88,3805973,429238,3376735,81.94,9.24,72.7,3815915,432363,3383552,76.46,8.66,67.8,,,,
2021-08-14,60,Yukon,Yukon,32051,1968,30083,74.63,4.58,70.05,32007,1924,30083,85.66,5.15,80.51,32051,1968,30083,78.77,4.84,73.94,,,,
2021-08-14,61,Northwest Territories,Territoires du Nord-Ouest,28373,1801,26572,65.27,4.14,61.12,28250,1762,26488,77.24,4.82,72.42,28373,1801,26572,69.75,4.43,65.32,,,,
2021-08-14,62,Nunavut,Nunavut,23136,2859,20277,58.72,7.26,51.46,23136,2859,20277,78.62,9.71,68.9,23136,2859,20277,65.49,8.09,57.4,,,,
2021-08-21,1,Canada,Canada,27523579,2638889,24884690,71.97,6.90,65.07,27462910,2614203,24848707,82.02,7.81,74.21,27473206,2617154,24856052,75.56,7.2,68.36,,,,
2021-08-21,10,Newfoundland and Labrador,Terre-Neuve-et-Labrador,413918,64949,348969,79.52,12.48,67.04,412560,64865,347695,88.2,13.87,74.33,412573,64877,347696,82.35,12.95,69.4,,,,
2021-08-21,11,Prince Edward Island,Île-du-Prince-Édouard,127262,18352,108910,77.45,11.17,66.28,127262,18352,108910,87.51,12.62,74.89,127262,18352,108910,80.94,11.67,69.27,,,,
2021-08-21,12,Nova Scotia,Nouvelle-Écosse,750104,76149,673955,75.61,7.68,67.94,750073,76140,673933,84.82,8.61,76.21,750073,76140,673933,78.9,8.01,70.9,,,,
2021-08-21,13,New Brunswick,Nouveau-Brunswick,576960,73143,503817,73.10,9.27,63.84,576960,73143,503817,82.2,10.42,71.78,576960,73143,503817,76.3,9.67,66.63,,,,
2021-08-21,24,Quebec,Québec,6400901,610794,5790107,74.39,7.10,67.29,6400612,610505,5790107,84.97,8.1,76.87,6400692,610585,5790107,78.22,7.46,70.76,,,,
2021-08-21,35,Ontario,Ontario,10712555,956187,9756368,72.25,6.45,65.80,10696399,943700,9752699,82.04,7.24,74.8,10696399,943700,9752699,75.79,6.69,69.1,,,,
2021-08-21,46,Manitoba,Manitoba,976886,77028,899858,70.60,5.57,65.03,976786,76962,899824,83.06,6.54,76.51,976786,76962,899824,75.05,5.91,69.14,,,,
2021-08-21,47,Saskatchewan,Saskatchewan,762464,83476,678988,64.62,7.08,57.55,762054,83079,678975,76.44,8.33,68.11,762420,83437,678983,68.87,7.54,61.33,,,,
2021-08-21,48,Alberta,Alberta,2876600,293995,2582605,64.75,6.62,58.13,2844112,285142,2558970,75.01,7.52,67.49,2844112,285142,2558970,67.97,6.81,61.16,,,,
2021-08-21,59,British Columbia,Colombie-Britannique,3841612,378245,3463367,73.67,7.25,66.41,3831960,375830,3456130,82.5,8.09,74.41,3841612,378245,3463367,76.97,7.58,69.4,,,,
2021-08-21,60,Yukon,Yukon,32164,1851,30313,74.90,4.31,70.59,32114,1801,30313,85.95,4.82,81.13,32164,1851,30313,79.05,4.55,74.5,,,,
2021-08-21,61,Northwest Territories,Territoires du Nord-Ouest,28788,1911,26877,66.22,4.40,61.82,28653,1875,26778,78.34,5.13,73.21,28788,1911,26877,70.77,4.7,66.07,,,,
2021-08-21,62,Nunavut,Nunavut,23365,2809,20556,59.30,7.13,52.17,23365,2809,20556,79.39,9.55,69.85,23365,2809,20556,66.14,7.95,58.19,,,,
2021-08-28,1,Canada,Canada,27763468,2377269,25386199,72.60,6.22,66.38,27692471,2344109,25348362,82.71,7,75.71,27703591,2347659,25355932,76.19,6.46,69.73,,,,
2021-08-28,10,Newfoundland and Labrador,Terre-Neuve-et-Labrador,416570,53711,362859,80.02,10.32,69.71,415239,53639,361600,88.77,11.47,77.3,415250,53649,361601,82.88,10.71,72.18,,,,
2021-08-28,11,Prince Edward Island,Île-du-Prince-Édouard,128068,14901,113167,77.94,9.07,68.87,128068,14901,113167,88.06,10.25,77.81,128068,14901,113167,81.46,9.48,71.98,,,,
2021-08-28,12,Nova Scotia,Nouvelle-Écosse,755395,67797,687598,76.14,6.83,69.31,755373,67791,687582,85.42,7.67,77.75,755373,67791,687582,79.46,7.13,72.33,,,,
2021-08-28,13,New Brunswick,Nouveau-Brunswick,581700,62007,519693,73.71,7.86,65.85,581583,61890,519693,82.86,8.82,74.04,581700,62007,519693,76.93,8.2,68.73,,,,
2021-08-28,24,Quebec,Québec,6459251,498104,5961147,75.07,5.79,69.28,6458961,497814,5961147,85.75,6.61,79.14,6459047,497900,5961147,78.93,6.08,72.85,,,,
2021-08-28,35,Ontario,Ontario,10797333,883832,9913501,72.83,5.96,66.86,10773054,863366,9909688,82.63,6.62,76.01,10773054,863366,9909688,76.33,6.12,70.21,,,,
2021-08-28,46,Manitoba,Manitoba,983935,69586,914349,71.11,5.03,66.08,983839,69523,914316,83.66,5.91,77.75,983839,69523,914316,75.59,5.34,70.25,,,,
2021-08-28,47,Saskatchewan,Saskatchewan,768407,81184,687223,65.13,6.88,58.25,767189,79984,687205,76.96,8.02,68.93,768363,81146,687217,69.41,7.33,62.08,,,,
2021-08-28,48,Alberta,Alberta,2898859,282060,2616799,65.25,6.35,58.90,2864947,273289,2591658,75.56,7.21,68.35,2864947,273289,2591658,68.47,6.53,61.94,,,,
2021-08-28,59,British Columbia,Colombie-Britannique,3888929,357606,3531323,74.57,6.86,67.72,3879401,355518,3523883,83.52,7.65,75.87,3888929,357606,3531323,77.92,7.17,70.76,,,,
2021-08-28,60,Yukon,Yukon,32311,1756,30555,75.24,4.09,71.15,32256,1714,30542,86.33,4.59,81.74,32311,1756,30555,79.41,4.32,75.1,,,,
2021-08-28,61,Northwest Territories,Territoires du Nord-Ouest,29166,1980,27186,67.09,4.55,62.54,29017,1935,27082,79.34,5.29,74.05,29166,1980,27186,71.7,4.87,66.83,,,,
2021-08-28,62,Nunavut,Nunavut,23544,2745,20799,59.75,6.97,52.79,23544,2745,20799,80,9.33,70.68,23544,2745,20799,66.64,7.77,58.87,,,,
2021-09-04,1,Canada,Canada,28005087,2240830,25764257,73.23,5.86,67.37,27930030,2203798,25726232,83.42,6.58,76.83,27941215,2207507,25733708,76.84,6.07,70.77,,,,
2021-09-04,10,Newfoundland and Labrador,Terre-Neuve-et-Labrador,418923,47553,371370,80.48,9.14,71.34,417597,47495,370102,89.28,10.15,79.12,417608,47504,370104,83.36,9.48,73.87,,,,
2021-09-04,11,Prince Edward Island,Île-du-Prince-Édouard,128814,13086,115728,78.39,7.96,70.43,128814,13086,115728,88.57,9,79.58,128814,13086,115728,81.93,8.32,73.61,,,,
2021-09-04,12,Nova Scotia,Nouvelle-Écosse,758774,63603,695171,76.49,6.41,70.07,758773,63602,695171,85.8,7.19,78.61,758773,63602,695171,79.82,6.69,73.13,,,,
2021-09-04,13,New Brunswick,Nouveau-Brunswick,582066,61386,520680,73.75,7.78,65.97,581941,61261,520680,82.91,8.73,74.18,582066,61386,520680,76.97,8.12,68.86,,,,
2021-09-04,24,Quebec,Québec,6522870,429779,6093091,75.81,4.99,70.81,6522570,429479,6093091,86.59,5.7,80.89,6522668,429577,6093091,79.71,5.25,74.46,,,,
2021-09-04,35,Ontario,Ontario,10886925,854139,10032786,73.43,5.76,67.67,10858699,829894,10028805,83.28,6.37,76.92,10858699,829894,10028805,76.94,5.88,71.06,,,,
2021-09-04,46,Manitoba,Manitoba,995895,66072,929823,71.97,4.77,67.20,995795,66005,929790,84.67,5.61,79.06,995795,66005,929790,76.51,5.07,71.44,,,,
2021-09-04,47,Saskatchewan,Saskatchewan,774851,79635,695216,65.67,6.75,58.92,773250,78060,695190,77.57,7.83,69.74,774805,79595,695210,69.99,7.19,62.8,,,,
2021-09-04,48,Alberta,Alberta,2925095,275296,2649799,65.84,6.20,59.64,2891113,266577,2624536,76.25,7.03,69.22,2891113,266577,2624536,69.1,6.37,62.72,,,,
2021-09-04,59,British Columbia,Colombie-Britannique,3925357,343816,3581541,75.27,6.59,68.68,3916145,341933,3574212,84.31,7.36,76.95,3925357,343816,3581541,78.65,6.89,71.76,,,,
2021-09-04,60,Yukon,Yukon,32418,1695,30723,75.49,3.95,71.54,32341,1660,30681,86.55,4.44,82.11,32418,1695,30723,79.67,4.17,75.51,,,,
2021-09-04,61,Northwest Territories,Territoires du Nord-Ouest,29390,2025,27365,67.61,4.66,62.95,29283,2001,27282,80.06,5.47,74.59,29390,2025,27365,72.25,4.98,67.27,,,,
2021-09-04,62,Nunavut,Nunavut,23709,2745,20964,60.17,6.97,53.20,23709,2745,20964,80.56,9.33,71.24,23709,2745,20964,67.11,7.77,59.34,,,,
2021-09-11,1,Canada,Canada,28259901,2146675,26113226,73.89,5.61,68.28,28183084,2110357,26072727,84.17,6.3,77.87,28194404,2114290,26080114,77.54,5.81,71.72,,,,
2021-09-11,10,Newfoundland and Labrador,Terre-Neuve-et-Labrador,421222,45316,375906,80.92,8.71,72.21,419919,45270,374649,89.77,9.68,80.09,419929,45278,374651,83.82,9.04,74.78,,,,
2021-09-11,11,Prince Edward Island,Île-du-Prince-Édouard,129467,11802,117665,78.79,7.18,71.61,129467,11802,117665,89.02,8.12,80.91,129467,11802,117665,82.35,7.51,74.84,,,,
2021-09-11,12,Nova Scotia,Nouvelle-Écosse,764090,59646,704444,77.02,6.01,71.01,764089,59645,704444,86.4,6.74,79.66,764089,59645,704444,80.38,6.27,74.1,,,,
2021-09-11,13,New Brunswick,Nouveau-Brunswick,590323,56319,534004,74.80,7.14,67.66,589919,55915,534004,84.05,7.97,76.08,590323,56319,534004,78.07,7.45,70.62,,,,
2021-09-11,24,Quebec,Québec,6575570,381710,6193860,76.42,4.44,71.98,6575261,381401,6193860,87.29,5.06,82.23,6575366,381506,6193860,80.36,4.66,75.69,,,,
2021-09-11,35,Ontario,Ontario,10997962,825753,10172209,74.18,5.57,68.61,10967306,801948,10165358,84.12,6.15,77.97,10967306,801948,10165358,77.71,5.68,72.03,,,,
2021-09-11,46,Manitoba,Manitoba,1004844,64842,940002,72.62,4.69,67.93,1004746,64774,939972,85.44,5.51,79.93,1004746,64774,939972,77.2,4.98,72.22,,,,
2021-09-11,47,Saskatchewan,Saskatchewan,780504,78533,701971,66.15,6.66,59.50,778729,76810,701919,78.12,7.7,70.41,780460,78495,701965,70.5,7.09,63.41,,,,
2021-09-11,48,Alberta,Alberta,2947934,275929,2672005,66.35,6.21,60.14,2914733,267698,2647035,76.87,7.06,69.81,2914733,267698,2647035,69.66,6.4,63.26,,,,
2021-09-11,59,British Columbia,Colombie-Britannique,3961804,340260,3621544,75.97,6.52,69.45,3952911,338574,3614337,85.1,7.29,77.82,3961804,340260,3621544,79.38,6.82,72.57,,,,
2021-09-11,60,Yukon,Yukon,32517,1637,30880,75.72,3.81,71.91,32446,1607,30839,86.84,4.3,82.53,32517,1637,30880,79.92,4.02,75.89,,,,
2021-09-11,61,Northwest Territories,Territoires du Nord-Ouest,29665,2053,27612,68.24,4.72,63.52,29559,2038,27521,80.82,5.57,75.25,29665,2053,27612,72.93,5.05,67.88,,,,
2021-09-11,62,Nunavut,Nunavut,23999,2875,21124,60.91,7.30,53.61,23999,2875,21124,81.55,9.77,71.78,23999,2875,21124,67.93,8.14,59.79,,,,
2021-09-18,1,Canada,Canada,28566606,2087688,26478918,74.70,5.46,69.24,28490994,2056367,26434627,85.09,6.14,78.95,28502181,2060306,26441875,78.39,5.67,72.72,,,,
2021-09-18,10,Newfoundland and Labrador,Terre-Neuve-et-Labrador,423500,41162,382338,81.36,7.91,73.45,423455,41147,382308,90.53,8.8,81.73,423483,41156,382327,84.53,8.21,76.31,,,,
2021-09-18,11,Prince Edward Island,Île-du-Prince-Édouard,130394,10876,119518,79.35,6.62,72.74,130394,10876,119518,89.66,7.48,82.18,130394,10876,119518,82.94,6.92,76.02,,,,
2021-09-18,12,Nova Scotia,Nouvelle-Écosse,771532,57693,713839,77.77,5.82,71.96,771531,57692,713839,87.24,6.52,80.72,771531,57692,713839,81.16,6.07,75.09,,,,
2021-09-18,13,New Brunswick,Nouveau-Brunswick,596068,55746,540322,75.53,7.06,68.46,595538,55216,540322,84.85,7.87,76.98,596068,55746,540322,78.83,7.37,71.45,,,,
2021-09-18,24,Quebec,Québec,6627165,341126,6286039,77.02,3.96,73.06,6626865,340826,6286039,87.98,4.52,83.45,6626970,340931,6286039,80.99,4.17,76.82,,,,
2021-09-18,35,Ontario,Ontario,11088718,787065,10301653,74.79,5.31,69.48,11056583,768192,10288391,84.8,5.89,78.91,11056583,768192,10288391,78.34,5.44,72.9,,,,
2021-09-18,46,Manitoba,Manitoba,1013099,63066,950033,73.21,4.56,68.66,1013001,63004,949997,86.14,5.36,80.78,1013001,63004,949997,77.83,4.84,72.99,,,,
2021-09-18,47,Saskatchewan,Saskatchewan,790969,79596,711373,67.04,6.75,60.29,788921,77771,711150,79.14,7.8,71.34,790925,79558,711367,71.45,7.19,64.26,,,,
2021-09-18,48,Alberta,Alberta,3031198,306094,2725104,68.23,6.89,61.34,2999263,297887,2701376,79.1,7.86,71.24,2999263,297887,2701376,71.68,7.12,64.56,,,,
2021-09-18,59,British Columbia,Colombie-Britannique,4007201,338775,3668426,76.84,6.50,70.35,3998858,337311,3661547,86.09,7.26,78.83,4007201,338775,3668426,80.29,6.79,73.5,,,,
2021-09-18,60,Yukon,Yukon,32606,1562,31044,75.93,3.64,72.29,32540,1537,31003,87.09,4.11,82.97,32606,1562,31044,80.14,3.84,76.3,,,,
2021-09-18,61,Northwest Territories,Territoires du Nord-Ouest,29884,1953,27931,68.74,4.49,64.25,29778,1939,27839,81.42,5.3,76.11,29884,1953,27931,73.47,4.8,68.67,,,,
2021-09-18,62,Nunavut,Nunavut,24272,2974,21298,61.60,7.55,54.05,24267,2969,21298,82.46,10.09,72.37,24272,2974,21298,68.7,8.42,60.29,,,,
2021-09-25,1,Canada,Canada,28838702,2000737,26837965,75.41,5.23,70.18,28764170,1974523,26789647,85.91,5.9,80.01,28775766,1978657,26797109,79.14,5.44,73.7,,,,
2021-09-25,10,Newfoundland and Labrador,Terre-Neuve-et-Labrador,426570,39527,387043,81.95,7.59,74.35,426525,39512,387013,91.18,8.45,82.74,426553,39521,387032,85.14,7.89,77.25,,,,
2021-09-25,11,Prince Edward Island,Île-du-Prince-Édouard,131385,10342,121043,79.96,6.29,73.66,131385,10342,121043,90.34,7.11,83.23,131385,10342,121043,83.57,6.58,76.99,,,,
2021-09-25,12,Nova Scotia,Nouvelle-Écosse,778358,56569,721789,78.46,5.70,72.76,778357,56569,721788,88.01,6.4,81.62,778357,56569,721788,81.88,5.95,75.93,,,,
2021-09-25,13,New Brunswick,Nouveau-Brunswick,607455,57811,549644,76.97,7.33,69.64,606120,56610,549510,86.36,8.07,78.29,607455,57811,549644,80.33,7.65,72.69,,,,
2021-09-25,24,Quebec,Québec,6655854,307540,6348314,77.35,3.57,73.78,6655562,307248,6348314,88.36,4.08,84.28,6655668,307354,6348314,81.34,3.76,77.58,,,,
2021-09-25,35,Ontario,Ontario,11191067,726981,10464086,75.48,4.90,70.58,11157769,713202,10444567,85.58,5.47,80.11,11157769,713202,10444567,79.06,5.05,74,,,,
2021-09-25,46,Manitoba,Manitoba,1018930,59370,959560,73.63,4.29,69.34,1018833,59307,959526,86.63,5.04,81.59,1018833,59307,959526,78.28,4.56,73.72,,,,
2021-09-25,47,Saskatchewan,Saskatchewan,805457,82837,722620,68.27,7.02,61.25,803278,81301,721977,80.58,8.16,72.42,805411,82797,722614,72.75,7.48,65.28,,,,
2021-09-25,48,Alberta,Alberta,3089325,325445,2763880,69.53,7.33,62.21,3060034,317439,2742595,80.7,8.37,72.33,3060034,317439,2742595,73.13,7.59,65.55,,,,
2021-09-25,59,British Columbia,Colombie-Britannique,4047010,327879,3719131,77.61,6.29,71.32,4039194,326597,3712597,86.96,7.03,79.93,4047010,327879,3719131,81.09,6.57,74.52,,,,
2021-09-25,60,Yukon,Yukon,32615,1509,31106,75.95,3.51,72.43,32550,1485,31065,87.11,3.97,83.14,32615,1509,31106,80.16,3.71,76.45,,,,
2021-09-25,61,Northwest Territories,Territoires du Nord-Ouest,30082,1907,28175,69.20,4.39,64.81,29974,1896,28078,81.95,5.18,76.77,30082,1907,28175,73.95,4.69,69.27,,,,
2021-09-25,62,Nunavut,Nunavut,24594,3020,21574,62.42,7.66,54.75,24589,3015,21574,83.55,10.24,73.31,24594,3020,21574,69.62,8.55,61.07,,,,
2021-10-02,1,Canada,Canada,29059984,1886441,27173543,75.99,4.93,71.05,28985959,1864640,27121319,86.57,5.57,81,28997271,1868146,27129125,79.75,5.14,74.61,,,,
2021-10-02,10,Newfoundland and Labrador,Terre-Neuve-et-Labrador,430575,37114,393461,82.71,7.13,75.59,430528,37098,393430,92.04,7.93,84.11,430558,37108,393450,85.94,7.41,78.53,,,,
2021-10-02,11,Prince Edward Island,Île-du-Prince-Édouard,132404,9810,122594,80.58,5.97,74.61,132393,9799,122594,91.03,6.74,84.3,132404,9810,122594,84.21,6.24,77.97,,,,
2021-10-02,12,Nova Scotia,Nouvelle-Écosse,784933,55186,729747,79.12,5.56,73.56,784932,55186,729746,88.76,6.24,82.52,784933,55186,729747,82.57,5.81,76.77,,,,
2021-10-02,13,New Brunswick,Nouveau-Brunswick,617874,58252,559622,78.29,7.38,70.91,616334,57245,559089,87.81,8.16,79.66,617874,58252,559622,81.71,7.7,74.01,,,,
2021-10-02,24,Quebec,Québec,6681955,277524,6404431,77.66,3.23,74.43,6681680,277249,6404431,88.71,3.68,85.02,6681783,277352,6404431,81.66,3.39,78.27,,,,
2021-10-02,35,Ontario,Ontario,11272941,669158,10603783,76.03,4.51,71.52,11238866,658707,10580159,86.2,5.05,81.15,11238866,658707,10580159,79.63,4.67,74.97,,,,
2021-10-02,46,Manitoba,Manitoba,1024702,54233,970469,74.05,3.92,70.13,1024606,54170,970436,87.12,4.61,82.52,1024606,54170,970436,78.72,4.16,74.56,,,,
2021-10-02,47,Saskatchewan,Saskatchewan,819561,84581,734980,69.46,7.17,62.29,817310,83262,734048,81.99,8.35,73.63,819509,84535,734974,74.03,7.64,66.39,,,,
2021-10-02,48,Alberta,Alberta,3136368,333856,2802512,70.59,7.51,63.08,3108067,326299,2781768,81.97,8.61,73.36,3108067,326299,2781768,74.28,7.8,66.48,,,,
2021-10-02,59,British Columbia,Colombie-Britannique,4070961,300365,3770596,78.07,5.76,72.31,4063670,299278,3764392,87.49,6.44,81.05,4070961,300365,3770596,81.57,6.02,75.55,,,,
2021-10-02,60,Yukon,Yukon,32551,1456,31095,75.80,3.39,72.41,32497,1446,31051,86.97,3.87,83.1,32551,1456,31095,80,3.58,76.42,,,,
2021-10-02,61,Northwest Territories,Territoires du Nord-Ouest,30295,1910,28385,69.69,4.39,65.29,30212,1905,28307,82.6,5.21,77.39,30295,1910,28385,74.48,4.7,69.78,,,,
2021-10-02,62,Nunavut,Nunavut,24864,2996,21868,63.10,7.60,55.50,24864,2996,21868,84.49,10.18,74.31,24864,2996,21868,70.38,8.48,61.9,,,,
2021-10-09,1,Canada,Canada,29268315,1781244,27487071,76.53,4.66,71.87,29190558,1760950,27429608,87.18,5.26,81.92,29201325,1763994,27437331,80.31,4.85,75.46,,,,
2021-10-09,10,Newfoundland and Labrador,Terre-Neuve-et-Labrador,435167,35404,399763,83.60,6.80,76.80,435118,35387,399731,93.02,7.57,85.46,435150,35398,399752,86.86,7.07,79.79,,,,
2021-10-09,11,Prince Edward Island,Île-du-Prince-Édouard,133762,9379,124383,81.40,5.71,75.70,133728,9345,124383,91.95,6.43,85.53,133762,9379,124383,85.08,5.97,79.11,,,,
2021-10-09,12,Nova Scotia,Nouvelle-Écosse,792389,53220,739169,79.87,5.36,74.51,792388,53220,739168,89.6,6.02,83.58,792389,53220,739169,83.36,5.6,77.76,,,,
2021-10-09,13,New Brunswick,Nouveau-Brunswick,625786,59760,566026,79.29,7.57,71.72,624185,58955,565230,88.93,8.4,80.53,625786,59760,566026,82.76,7.9,74.85,,,,
2021-10-09,24,Quebec,Québec,6708650,249288,6459362,77.97,2.90,75.07,6708380,249018,6459362,89.06,3.31,85.75,6708480,249118,6459362,81.98,3.04,78.94,,,,
2021-10-09,35,Ontario,Ontario,11346301,617162,10729139,76.53,4.16,72.37,11311498,608879,10702619,86.76,4.67,82.09,11311498,608879,10702619,80.15,4.31,75.83,,,,
2021-10-09,46,Manitoba,Manitoba,1031804,50279,981525,74.56,3.63,70.93,1031706,50216,981490,87.73,4.27,83.46,1031706,50216,981490,79.27,3.86,75.41,,,,
2021-10-09,47,Saskatchewan,Saskatchewan,834412,85862,748550,70.72,7.28,63.44,832118,84676,747442,83.47,8.49,74.98,834357,85813,748544,75.37,7.75,67.62,,,,
2021-10-09,48,Alberta,Alberta,3175136,331550,2843586,71.47,7.46,64.00,3143289,322871,2820418,82.9,8.51,74.38,3143289,322871,2820418,75.12,7.72,67.41,,,,
2021-10-09,59,British Columbia,Colombie-Britannique,4096828,283089,3813739,78.56,5.43,73.13,4090197,282141,3808056,88.06,6.07,81.99,4096828,283089,3813739,82.09,5.67,76.42,,,,
2021-10-09,60,Yukon,Yukon,32456,1426,31030,75.58,3.32,72.26,32408,1417,30991,86.73,3.79,82.94,32456,1426,31030,79.77,3.5,76.26,,,,
2021-10-09,61,Northwest Territories,Territoires du Nord-Ouest,30513,1831,28682,70.19,4.21,65.98,30432,1831,28601,83.2,5.01,78.2,30513,1831,28682,75.01,4.5,70.51,,,,
2021-10-09,62,Nunavut,Nunavut,25111,2994,22117,63.73,7.60,56.13,25111,2994,22117,85.33,10.17,75.15,25111,2994,22117,71.08,8.47,62.6,,,,
2021-10-16,1,Canada,Canada,29429124,1657602,27771522,76.95,4.33,72.62,29351539,1639289,27712250,87.66,4.9,82.77,29361931,1641953,27719978,80.75,4.52,76.23,,,,
2021-10-16,10,Newfoundland and Labrador,Terre-Neuve-et-Labrador,440564,35205,405359,84.63,6.76,77.87,440513,35188,405325,94.18,7.52,86.65,440547,35199,405348,87.93,7.03,80.91,,,,
2021-10-16,11,Prince Edward Island,Île-du-Prince-Édouard,134593,8686,125907,81.91,5.29,76.62,134538,8631,125907,92.51,5.93,86.58,134593,8686,125907,85.61,5.52,80.08,,,,
2021-10-16,12,Nova Scotia,Nouvelle-Écosse,799522,52087,747435,80.59,5.25,75.34,799521,52087,747434,90.41,5.89,84.52,799522,52087,747435,84.11,5.48,78.63,,,,
2021-10-16,13,New Brunswick,Nouveau-Brunswick,631562,58932,572630,80.02,7.47,72.56,629912,58270,571642,89.75,8.3,81.44,631562,58932,572630,83.52,7.79,75.73,,,,
2021-10-16,24,Quebec,Québec,6733702,228058,6505644,78.26,2.65,75.61,6733434,227790,6505644,89.39,3.02,86.37,6733534,227890,6505644,82.29,2.78,79.5,,,,
2021-10-16,35,Ontario,Ontario,11401106,568820,10832286,76.90,3.84,73.06,11365759,562011,10803748,87.17,4.31,82.86,11365759,562011,10803748,80.53,3.98,76.55,,,,
2021-10-16,46,Manitoba,Manitoba,1038086,47630,990456,75.02,3.44,71.58,1037985,47564,990421,88.26,4.04,84.22,1037985,47564,990421,79.75,3.65,76.1,,,,
2021-10-16,47,Saskatchewan,Saskatchewan,842569,83060,759509,71.41,7.04,64.37,840282,82014,758268,84.29,8.23,76.06,842513,83010,759503,76.11,7.5,68.61,,,,
2021-10-16,48,Alberta,Alberta,3203485,306771,2896714,72.10,6.90,65.20,3171981,298221,2873760,83.65,7.86,75.79,3171981,298221,2873760,75.81,7.13,68.68,,,,
2021-10-16,59,British Columbia,Colombie-Britannique,4115184,261997,3853187,78.91,5.02,73.89,4108997,261165,3847832,88.47,5.62,82.84,4115184,261997,3853187,82.46,5.25,77.21,,,,
2021-10-16,60,Yukon,Yukon,32484,1407,31077,75.64,3.28,72.36,32437,1399,31038,86.81,3.74,83.07,32484,1407,31077,79.84,3.46,76.38,,,,
2021-10-16,61,Northwest Territories,Territoires du Nord-Ouest,30717,1792,28925,70.66,4.12,66.54,30636,1792,28844,83.76,4.9,78.86,30717,1792,28925,75.51,4.41,71.11,,,,
2021-10-16,62,Nunavut,Nunavut,25550,3157,22393,64.84,8.01,56.83,25544,3157,22387,86.8,10.73,76.07,25550,3157,22393,72.32,8.94,63.39,,,,
2021-10-23,1,Canada,Canada,29582490,1509823,28072667,77.35,3.95,73.40,29503454,1492777,28010677,88.12,4.46,83.66,29513245,1495008,28018237,81.17,4.11,77.05,,,,
2021-10-23,10,Newfoundland and Labrador,Terre-Neuve-et-Labrador,447737,33904,413833,86.01,6.51,79.50,447684,33888,413796,95.71,7.24,88.46,447720,33898,413822,89.37,6.77,82.6,,,,
2021-10-23,11,Prince Edward Island,Île-du-Prince-Édouard,135385,8296,127089,82.39,5.05,77.34,135385,8296,127089,93.09,5.7,87.39,135385,8296,127089,86.11,5.28,80.83,,,,
2021-10-23,12,Nova Scotia,Nouvelle-Écosse,805627,49939,755688,81.21,5.03,76.17,805625,49938,755687,91.1,5.65,85.45,805627,49939,755688,84.75,5.25,79.5,,,,
2021-10-23,13,New Brunswick,Nouveau-Brunswick,636188,53987,582201,80.61,6.84,73.77,634486,53461,581025,90.4,7.62,82.78,636188,53987,582201,84.13,7.14,76.99,,,,
2021-10-23,24,Quebec,Québec,6756396,213715,6542681,78.52,2.48,76.04,6756128,213447,6542681,89.69,2.83,86.86,6756229,213548,6542681,82.57,2.61,79.96,,,,
2021-10-23,35,Ontario,Ontario,11454409,521433,10932976,77.26,3.52,73.74,11418623,515823,10902800,87.58,3.96,83.62,11418623,515823,10902800,80.91,3.65,77.25,,,,
2021-10-23,46,Manitoba,Manitoba,1042822,44874,997948,75.36,3.24,72.12,1042723,44808,997915,88.66,3.81,84.85,1042723,44808,997915,80.12,3.44,76.67,,,,
2021-10-23,47,Saskatchewan,Saskatchewan,850206,76344,773862,72.06,6.47,65.59,847937,75457,772480,85.06,7.57,77.49,850151,76295,773856,76.8,6.89,69.9,,,,
2021-10-23,48,Alberta,Alberta,3229562,265192,2964370,72.69,5.97,66.72,3196441,256275,2940166,84.3,6.76,77.54,3196441,256275,2940166,76.39,6.12,70.27,,,,
2021-10-23,59,British Columbia,Colombie-Britannique,4134599,235625,3898974,79.29,4.52,74.77,4128992,234870,3894122,88.9,5.06,83.84,4134599,235625,3898974,82.85,4.72,78.12,,,,
2021-10-23,60,Yukon,Yukon,32627,1436,31191,75.97,3.34,72.63,32586,1436,31150,87.21,3.84,83.37,32627,1436,31191,80.19,3.53,76.66,,,,
2021-10-23,61,Northwest Territories,Territoires du Nord-Ouest,31034,1836,29198,71.39,4.22,67.16,30952,1836,29116,84.63,5.02,79.61,31034,1836,29198,76.29,4.51,71.78,,,,
2021-10-23,62,Nunavut,Nunavut,25898,3242,22656,65.73,8.23,57.50,25892,3242,22650,87.98,11.02,76.96,25898,3242,22656,73.31,9.18,64.13,,,,
2021-10-30,1,Canada,Canada,29693707,1376425,28317282,77.64,3.60,74.04,29615415,1360457,28254958,88.45,4.06,84.39,29624629,1362309,28262320,81.47,3.75,77.73,,,,
2021-10-30,10,Newfoundland and Labrador,Terre-Neuve-et-Labrador,451476,32376,419100,86.73,6.22,80.51,451423,32362,419061,96.51,6.92,89.59,451459,32370,419089,90.11,6.46,83.65,,,,
2021-10-30,11,Prince Edward Island,Île-du-Prince-Édouard,135917,7608,128309,82.72,4.63,78.09,135917,7608,128309,93.46,5.23,88.23,135917,7608,128309,86.45,4.84,81.61,,,,
2021-10-30,12,Nova Scotia,Nouvelle-Écosse,809673,46505,763168,81.62,4.69,76.93,809672,46505,763167,91.56,5.26,86.3,809673,46505,763168,85.17,4.89,80.28,,,,
2021-10-30,13,New Brunswick,Nouveau-Brunswick,639542,48135,591407,81.03,6.10,74.94,637823,47768,590055,90.87,6.81,84.07,639542,48135,591407,84.58,6.37,78.21,,,,
2021-10-30,24,Quebec,Québec,6771573,200692,6570881,78.70,2.33,76.37,6771304,200423,6570881,89.89,2.66,87.23,6771405,200524,6570881,82.75,2.45,80.3,,,,
2021-10-30,35,Ontario,Ontario,11497222,477202,11020020,77.55,3.22,74.33,11461127,472391,10988736,87.91,3.62,84.28,11461127,472391,10988736,81.21,3.35,77.86,,,,
2021-10-30,46,Manitoba,Manitoba,1046884,42266,1004618,75.65,3.05,72.60,1046784,42201,1004583,89.01,3.59,85.42,1046784,42201,1004583,80.43,3.24,77.19,,,,
2021-10-30,47,Saskatchewan,Saskatchewan,856287,67588,788699,72.58,5.73,66.85,854035,66834,787201,85.67,6.7,78.97,856233,67545,788688,77.35,6.1,71.24,,,,
2021-10-30,48,Alberta,Alberta,3244251,238555,3005696,73.02,5.37,67.65,3211607,229532,2982075,84.7,6.05,78.64,3211607,229532,2982075,76.76,5.49,71.27,,,,
2021-10-30,59,British Columbia,Colombie-Britannique,4150753,208984,3941769,79.60,4.01,75.59,4145692,208319,3937373,89.26,4.49,84.77,4150753,208984,3941769,83.17,4.19,78.98,,,,
2021-10-30,60,Yukon,Yukon,32748,1487,31261,76.26,3.46,72.79,32712,1487,31225,87.55,3.98,83.57,32748,1487,31261,80.49,3.65,76.83,,,,
2021-10-30,61,Northwest Territories,Territoires du Nord-Ouest,31250,1801,29449,71.88,4.14,67.74,31194,1801,29393,85.29,4.92,80.36,31250,1801,29449,76.82,4.43,72.4,,,,
2021-10-30,62,Nunavut,Nunavut,26131,3226,22905,66.32,8.19,58.13,26125,3226,22899,88.77,10.96,77.81,26131,3226,22905,73.97,9.13,64.84,,,,
2021-11-06,1,Canada,Canada,29786923,1275539,28511384,77.89,3.34,74.55,29709283,1260256,28449027,88.73,3.76,84.97,29717898,1261823,28456075,81.73,3.47,78.26,,,,
2021-11-06,10,Newfoundland and Labrador,Terre-Neuve-et-Labrador,453632,30288,423344,87.14,5.82,81.33,453579,30276,423303,96.97,6.47,90.5,453615,30282,423333,90.54,6.04,84.5,,,,
2021-11-06,11,Prince Edward Island,Île-du-Prince-Édouard,136235,7088,129147,82.91,4.31,78.60,136235,7088,129147,93.68,4.87,88.8,136235,7088,129147,86.65,4.51,82.14,,,,
2021-11-06,12,Nova Scotia,Nouvelle-Écosse,812111,43673,768438,81.86,4.40,77.46,812110,43673,768437,91.83,4.94,86.89,812111,43673,768438,85.43,4.59,80.84,,,,
2021-11-06,13,New Brunswick,Nouveau-Brunswick,641393,44067,597326,81.27,5.58,75.69,639665,43767,595898,91.14,6.24,84.9,641393,44067,597326,84.82,5.83,78.99,,,,
2021-11-06,24,Quebec,Québec,6784972,191388,6593584,78.85,2.22,76.63,6784711,191127,6593584,90.07,2.54,87.54,6784812,191228,6593584,82.92,2.34,80.58,,,,
2021-11-06,35,Ontario,Ontario,11532131,444943,11087188,77.78,3.00,74.78,11495765,440720,11055045,88.17,3.38,84.79,11495765,440720,11055045,81.45,3.12,78.33,,,,
2021-11-06,46,Manitoba,Manitoba,1050396,39925,1010471,75.91,2.89,73.02,1050297,39860,1010437,89.31,3.39,85.92,1050297,39860,1010437,80.7,3.06,77.64,,,,
2021-11-06,47,Saskatchewan,Saskatchewan,861466,59935,801531,73.02,5.08,67.94,859252,59296,799956,86.19,5.95,80.24,861419,59893,801526,77.81,5.41,72.4,,,,
2021-11-06,48,Alberta,Alberta,3258867,216748,3042119,73.35,4.88,68.47,3226531,207528,3019003,85.09,5.47,79.62,3226531,207528,3019003,77.11,4.96,72.15,,,,
2021-11-06,59,British Columbia,Colombie-Britannique,4164608,191062,3973546,79.86,3.66,76.20,4160120,190499,3969621,89.57,4.1,85.46,4164608,191062,3973546,83.45,3.83,79.62,,,,
2021-11-06,60,Yukon,Yukon,33355,1530,31825,77.67,3.56,74.11,33323,1530,31793,89.18,4.09,85.09,33355,1530,31825,81.98,3.76,78.22,,,,
2021-11-06,61,Northwest Territories,Territoires du Nord-Ouest,31457,1723,29734,72.36,3.96,68.40,31401,1723,29678,85.85,4.71,81.14,31457,1723,29734,77.33,4.24,73.1,,,,
2021-11-06,62,Nunavut,Nunavut,26300,3169,23131,66.75,8.04,58.70,26294,3169,23125,89.35,10.77,78.58,26300,3169,23131,74.45,8.97,65.47,,,,
2021-11-13,1,Canada,Canada,29873618,1187091,28686527,78.11,3.10,75.01,29796730,1172533,28624197,88.99,3.5,85.49,29804712,1173882,28630830,81.97,3.23,78.74,,,,
2021-11-13,10,Newfoundland and Labrador,Terre-Neuve-et-Labrador,455271,27361,427910,87.46,5.26,82.20,455216,27349,427867,97.32,5.85,91.47,455254,27355,427899,90.87,5.46,85.41,,,,
2021-11-13,11,Prince Edward Island,Île-du-Prince-Édouard,136689,6195,130494,83.19,3.77,79.42,136689,6195,130494,93.99,4.26,89.73,136689,6195,130494,86.94,3.94,83,,,,
2021-11-13,12,Nova Scotia,Nouvelle-Écosse,814073,40776,773297,82.06,4.11,77.95,814072,40776,773296,92.05,4.61,87.44,814073,40776,773297,85.64,4.29,81.35,,,,
2021-11-13,13,New Brunswick,Nouveau-Brunswick,643061,40677,602384,81.48,5.15,76.33,641318,40422,600896,91.37,5.76,85.61,643061,40677,602384,85.04,5.38,79.66,,,,
2021-11-13,24,Quebec,Québec,6800246,182252,6617994,79.03,2.12,76.91,6799989,181995,6617994,90.28,2.42,87.86,6800087,182093,6617994,83.1,2.23,80.88,,,,
2021-11-13,35,Ontario,Ontario,11565749,415749,11150000,78.01,2.80,75.20,11529145,412068,11117077,88.43,3.16,85.27,11529145,412068,11117077,81.69,2.92,78.77,,,,
2021-11-13,46,Manitoba,Manitoba,1053146,38203,1014943,76.11,2.76,73.35,1053049,38139,1014910,89.54,3.24,86.3,1053049,38139,1014910,80.91,2.93,77.98,,,,
2021-11-13,47,Saskatchewan,Saskatchewan,865395,54782,810613,73.35,4.64,68.71,863234,54247,808987,86.59,5.44,81.15,865366,54753,810613,78.17,4.95,73.22,,,,
2021-11-13,48,Alberta,Alberta,3272662,196510,3076152,73.66,4.42,69.24,3240662,187240,3053422,85.46,4.94,80.53,3240662,187240,3053422,77.45,4.47,72.97,,,,
2021-11-13,59,British Columbia,Colombie-Britannique,4175893,178158,3997735,80.08,3.42,76.66,4172017,177674,3994343,89.82,3.83,86,4175893,178158,3997735,83.67,3.57,80.1,,,,
2021-11-13,60,Yukon,Yukon,33443,1549,31894,77.87,3.61,74.27,33413,1549,31864,89.42,4.15,85.28,33443,1549,31894,82.19,3.81,78.39,,,,
2021-11-13,61,Northwest Territories,Territoires du Nord-Ouest,31457,1723,29734,72.36,3.96,68.40,31401,1723,29678,85.85,4.71,81.14,31457,1723,29734,77.33,4.24,73.1,,,,
2021-11-13,62,Nunavut,Nunavut,26533,3156,23377,67.34,8.01,59.33,26525,3156,23369,90.13,10.72,79.41,26533,3156,23377,75.1,8.93,66.17,,,,
2021-11-20,1,Canada,Canada,29967729,1105337,28862392,78.36,2.89,75.47,29888141,1092122,28796019,89.26,3.26,86,29895511,1093292,28802219,82.22,3.01,79.21,,,,
2021-11-20,10,Newfoundland and Labrador,Terre-Neuve-et-Labrador,457061,23413,433648,87.80,4.50,83.31,457004,23402,433602,97.7,5,92.7,457044,23408,433636,91.23,4.67,86.55,,,,
2021-11-20,11,Prince Edward Island,Île-du-Prince-Édouard,137025,5533,131492,83.39,3.37,80.02,137025,5533,131492,94.22,3.8,90.42,137025,5533,131492,87.15,3.52,83.63,,,,
2021-11-20,12,Nova Scotia,Nouvelle-Écosse,821401,35809,785592,82.80,3.61,79.19,821401,35809,785592,92.88,4.05,88.83,821401,35809,785592,86.41,3.77,82.64,,,,
2021-11-20,13,New Brunswick,Nouveau-Brunswick,644914,36821,608093,81.71,4.67,77.05,643161,36617,606544,91.63,5.22,86.42,644914,36821,608093,85.29,4.87,80.42,,,,
2021-11-20,24,Quebec,Québec,6815304,174945,6640359,79.21,2.03,77.17,6815058,174699,6640359,90.48,2.32,88.16,6815153,174794,6640359,83.29,2.14,81.15,,,,
2021-11-20,35,Ontario,Ontario,11598644,391242,11207402,78.23,2.64,75.59,11562054,388001,11174053,88.68,2.98,85.7,11562054,388001,11174053,81.92,2.75,79.17,,,,
2021-11-20,46,Manitoba,Manitoba,1056316,36227,1020089,76.34,2.62,73.72,1056217,36162,1020055,89.81,3.07,86.74,1056217,36162,1020055,81.15,2.78,78.38,,,,
2021-11-20,47,Saskatchewan,Saskatchewan,869043,50075,818968,73.66,4.24,69.41,866908,49604,817304,86.96,4.98,81.98,869014,50046,818968,78.5,4.52,73.98,,,,
2021-11-20,48,Alberta,Alberta,3290358,178640,3111718,74.06,4.02,70.04,3255026,170086,3084940,85.84,4.49,81.36,3255026,170086,3084940,77.79,4.06,73.73,,,,
2021-11-20,59,British Columbia,Colombie-Britannique,4185544,166440,4019104,80.26,3.19,77.07,4182261,166017,4016244,90.04,3.57,86.47,4185544,166440,4019104,83.87,3.33,80.53,,,,
2021-11-20,60,Yukon,Yukon,33604,1526,32078,78.25,3.55,74.70,33575,1526,32049,89.86,4.08,85.77,33604,1526,32078,82.59,3.75,78.84,,,,
2021-11-20,61,Northwest Territories,Territoires du Nord-Ouest,31696,1499,30197,72.91,3.45,69.46,31640,1499,30141,86.51,4.1,82.41,31696,1499,30197,77.92,3.69,74.24,,,,
2021-11-20,62,Nunavut,Nunavut,26819,3167,23652,68.06,8.04,60.03,26811,3167,23644,91.1,10.76,80.34,26819,3167,23652,75.91,8.96,66.95,,,,
2021-11-27,1,Canada,Canada,30219807,1206441,29013366,79.02,3.15,75.86,29965069,1030802,28934267,89.49,3.08,86.42,30132164,1159368,28972796,82.87,3.19,79.68,,,,
2021-11-27,10,Newfoundland and Labrador,Terre-Neuve-et-Labrador,461243,22737,438506,88.61,4.37,84.24,458502,20043,438459,98.02,4.28,93.74,459492,20998,438494,91.72,4.19,87.52,,,,
2021-11-27,11,Prince Edward Island,Île-du-Prince-Édouard,137925,5662,132263,83.94,3.45,80.49,137403,5140,132263,94.48,3.53,90.95,137925,5662,132263,87.73,3.6,84.12,,,,
2021-11-27,12,Nova Scotia,Nouvelle-Écosse,823590,33542,790048,83.02,3.38,79.64,823585,33542,790043,93.13,3.79,89.34,823590,33542,790048,86.64,3.53,83.11,,,,
2021-11-27,13,New Brunswick,Nouveau-Brunswick,648231,35675,612556,82.14,4.52,77.61,644924,33950,610974,91.89,4.84,87.05,648231,35675,612556,85.72,4.72,81.01,,,,
2021-11-27,24,Quebec,Québec,6879321,218085,6661236,79.95,2.53,77.42,6828506,169031,6659475,90.65,2.24,88.41,6879166,217930,6661236,84.07,2.66,81.41,,,,
2021-11-27,35,Ontario,Ontario,11678129,424276,11253853,78.77,2.86,75.90,11589857,369735,11220122,88.89,2.84,86.06,11674491,423358,11251133,82.72,3,79.72,,,,
2021-11-27,46,Manitoba,Manitoba,1066767,42014,1024753,77.09,3.04,74.06,1059143,34424,1024719,90.06,2.93,87.13,1066688,41963,1024725,81.96,3.22,78.73,,,,
2021-11-27,47,Saskatchewan,Saskatchewan,886045,60314,825731,75.10,5.11,69.99,869575,45537,824038,87.23,4.57,82.66,886011,60280,825731,80.04,5.45,74.59,,,,
2021-11-27,48,Alberta,Alberta,3351130,201792,3149338,75.43,4.54,70.89,3269144,157616,3111528,86.22,4.16,82.06,3269144,157616,3111528,78.13,3.77,74.36,,,,
2021-11-27,59,British Columbia,Colombie-Britannique,4194552,156093,4038459,80.44,2.99,77.44,4191866,155756,4036110,90.25,3.35,86.9,4194552,156093,4038459,84.05,3.13,80.92,,,,
2021-11-27,60,Yukon,Yukon,33787,1535,32252,78.68,3.57,75.10,33764,1535,32229,90.36,4.11,86.25,33787,1535,32252,83.04,3.77,79.27,,,,
2021-11-27,61,Northwest Territories,Territoires du Nord-Ouest,32005,1582,30423,73.62,3.64,69.98,31726,1359,30367,86.74,3.72,83.03,32005,1582,30423,78.68,3.89,74.79,,,,
2021-11-27,62,Nunavut,Nunavut,27082,3134,23948,68.73,7.95,60.78,27074,3134,23940,92,10.65,81.35,27082,3134,23948,76.66,8.87,67.79,,,,
2021-12-04,1,Canada,Canada,30604426,1526928,29077498,80.02,3.99,76.03,30018381,973558,29044823,89.65,2.91,86.75,30600096,1525032,29075064,84.16,4.19,79.96,,,,
2021-12-04,10,Newfoundland and Labrador,Terre-Neuve-et-Labrador,468499,26627,441872,90.00,5.12,84.89,459536,17711,441825,98.24,3.79,94.46,468484,26622,441862,93.51,5.31,88.2,,,,
2021-12-04,11,Prince Edward Island,Île-du-Prince-Édouard,139463,6616,132847,84.87,4.03,80.85,137651,4804,132847,94.65,3.3,91.35,139463,6616,132847,88.7,4.21,84.5,,,,
2021-12-04,12,Nova Scotia,Nouvelle-Écosse,833699,39445,794254,84.04,3.98,80.06,826208,31960,794248,93.43,3.61,89.81,833699,39445,794254,87.7,4.15,83.55,,,,
2021-12-04,13,New Brunswick,Nouveau-Brunswick,655872,40604,615268,83.10,5.14,77.96,646182,32519,613663,92.06,4.63,87.43,655823,40555,615268,86.73,5.36,81.37,,,,
2021-12-04,24,Quebec,Québec,7008027,327557,6680470,81.45,3.81,77.64,6841776,167632,6674144,90.83,2.23,88.6,7007864,327394,6680470,85.64,4,81.64,,,,
2021-12-04,35,Ontario,Ontario,11809917,552716,11257201,79.66,3.73,75.93,11591277,342033,11249244,88.9,2.62,86.28,11805957,551148,11254809,83.65,3.91,79.75,,,,
2021-12-04,46,Manitoba,Manitoba,1089070,60231,1028839,78.70,4.35,74.35,1062067,33263,1028804,90.31,2.83,87.48,1088992,60179,1028813,83.67,4.62,79.05,,,,
2021-12-04,47,Saskatchewan,Saskatchewan,907326,76388,830938,76.90,6.47,70.43,871858,42649,829209,87.46,4.28,83.18,907278,76345,830933,81.96,6.9,75.06,,,,
2021-12-04,48,Alberta,Alberta,3365876,212747,3153129,75.76,4.79,70.97,3287675,147628,3140047,86.7,3.89,82.81,3365859,212731,3153128,80.44,5.08,75.36,,,,
2021-12-04,59,British Columbia,Colombie-Britannique,4231616,176214,4055402,81.15,3.38,77.77,4201079,147507,4053572,90.45,3.18,87.27,4231616,176214,4055402,84.79,3.53,81.26,,,,
2021-12-04,60,Yukon,Yukon,33945,1472,32473,79.04,3.43,75.62,33929,1472,32457,90.8,3.94,86.86,33945,1472,32473,83.43,3.62,79.81,,,,
2021-12-04,61,Northwest Territories,Territoires du Nord-Ouest,33175,2519,30656,76.31,5.79,70.52,31839,1217,30622,87.05,3.33,83.72,33175,2519,30656,81.56,6.19,75.36,,,,
2021-12-04,62,Nunavut,Nunavut,27941,3792,24149,70.91,9.62,61.29,27304,3163,24141,92.78,10.75,82.03,27941,3792,24149,79.09,10.73,68.36,,,,
2021-12-11,1,Canada,Canada,30990259,1824718,29165541,81.03,4.77,76.26,30076486,945973,29130513,89.83,2.83,87,30985960,1822675,29163285,85.22,5.01,80.2,,,,
2021-12-11,10,Newfoundland and Labrador,Terre-Neuve-et-Labrador,476178,31969,444209,91.48,6.14,85.33,460339,16174,444165,98.41,3.46,94.96,476159,31960,444199,95.04,6.38,88.66,,,,
2021-12-11,11,Prince Edward Island,Île-du-Prince-Édouard,140731,7384,133347,85.65,4.49,81.15,137936,4589,133347,94.85,3.16,91.69,140731,7384,133347,89.51,4.7,84.81,,,,
2021-12-11,12,Nova Scotia,Nouvelle-Écosse,852630,53415,799215,85.95,5.38,80.56,831477,32297,799180,94.02,3.65,90.37,852629,53414,799215,89.69,5.62,84.07,,,,
2021-12-11,13,New Brunswick,Nouveau-Brunswick,663510,46207,617303,84.07,5.85,78.22,647331,31648,615683,92.23,4.51,87.72,663443,46140,617303,87.74,6.1,81.63,,,,
2021-12-11,24,Quebec,Québec,7118234,419433,6698801,82.73,4.87,77.85,6854698,166650,6688048,91,2.21,88.79,7118068,419267,6698801,86.99,5.12,81.86,,,,
2021-12-11,35,Ontario,Ontario,11944371,655365,11289006,80.56,4.42,76.14,11613794,331095,11282699,89.08,2.54,86.54,11940438,653660,11286778,84.6,4.63,79.97,,,,
2021-12-11,46,Manitoba,Manitoba,1102066,73879,1028187,79.64,5.34,74.30,1058114,29953,1028161,89.97,2.55,87.43,1102014,73839,1028175,84.67,5.67,79,,,,
2021-12-11,47,Saskatchewan,Saskatchewan,915933,80811,835122,77.63,6.85,70.78,873709,40334,833375,87.64,4.05,83.6,915890,80773,835117,82.73,7.3,75.44,,,,
2021-12-11,48,Alberta,Alberta,3398445,230667,3167778,76.49,5.19,71.30,3296015,141354,3154661,86.92,3.73,83.2,3398427,230650,3167777,81.22,5.51,75.71,,,,
2021-12-11,59,British Columbia,Colombie-Britannique,4280705,215740,4064965,82.09,4.14,77.95,4209795,146159,4063636,90.64,3.15,87.49,4280705,215740,4064965,85.77,4.32,81.45,,,,
2021-12-11,60,Yukon,Yukon,34499,2042,32457,80.33,4.75,75.58,33893,1444,32449,90.71,3.86,86.84,34499,2042,32457,84.79,5.02,79.77,,,,
2021-12-11,61,Northwest Territories,Territoires du Nord-Ouest,33654,2922,30732,77.41,6.72,70.69,31825,1127,30698,87.01,3.08,83.93,33654,2922,30732,82.73,7.18,75.55,,,,
2021-12-11,62,Nunavut,Nunavut,29303,4884,24419,74.37,12.39,61.97,27560,3149,24411,93.65,10.7,82.95,29303,4884,24419,82.95,13.82,69.12,,,,